Customer ID,Recency,Frequency,Monetary,Avg_Order_Value,Predicted_LTV,Segment,Order Date,City,Category
SM-20320,80,15,19114.34379999999,1274.289586666666,16037.455317999982,Champion (Top 10%),2018-10-12,Monroe,Office Supplies
RB-19360,97,18,15117.339,839.8521666666667,13871.883344999995,Champion (Top 10%),2018-09-25,Auburn,Office Supplies
AB-10105,42,20,14473.570999999998,723.6785499999999,13384.801044999998,Champion (Top 10%),2018-11-19,Phoenix,Office Supplies
TS-21370,37,15,11891.751,792.7834,12418.426050000004,Champion (Top 10%),2018-11-24,New York City,Office Supplies
SC-20095,350,22,14142.333999999999,642.8333636363636,11887.195962999998,Champion (Top 10%),2018-01-15,Concord,Office Supplies
BM-11140,308,16,11789.63,736.851875,11828.589900999996,Champion (Top 10%),2018-02-26,San Antonio,Office Supplies
SE-20110,10,19,12209.438000000002,642.6020000000001,11619.658619,Champion (Top 10%),2018-12-21,New York City,Office Supplies
TC-20980,400,12,19052.218,1587.6848333333335,11487.417958000007,Champion (Top 10%),2017-11-26,Seattle,Office Supplies
CJ-12010,190,20,11164.974,558.2487,10628.842737000006,Champion (Top 10%),2018-06-24,Huntington Beach,Furniture
KF-16285,98,18,10604.266,589.1258888888889,10606.239329999986,Champion (Top 10%),2018-09-24,Manteca,Office Supplies
SV-20365,102,32,11470.949999999999,358.46718749999997,10582.147777999986,Champion (Top 10%),2018-09-20,Dover,Furniture
CC-12370,44,11,12129.072000000002,1102.6429090909094,10411.261670000018,Champion (Top 10%),2018-11-17,Fayetteville,Office Supplies
HL-15040,44,11,12873.297999999999,1170.2998181818182,10369.476450000018,Champion (Top 10%),2018-11-17,Houston,Office Supplies
CL-12565,285,28,10880.546,388.5909285714286,10300.811809999988,Champion (Top 10%),2018-03-21,Urbandale,Office Supplies
EH-13765,136,27,9940.380000000001,368.1622222222223,9876.788077999998,Champion (Top 10%),2018-08-17,Watertown,Office Supplies
KL-16645,48,29,14175.229000000001,488.80100000000004,9834.583039999992,Champion (Top 10%),2018-11-13,Chicago,Office Supplies
GT-14710,37,29,11820.119999999999,407.5903448275862,9823.952268999994,Champion (Top 10%),2018-11-24,Houston,Office Supplies
TB-21400,203,16,9108.742,569.296375,9821.32861,Champion (Top 10%),2018-06-11,Seattle,Office Supplies
BS-11365,559,9,10501.653,1166.8503333333333,9718.122420000016,Champion (Top 10%),2017-06-20,New York City,Furniture
TA-21385,70,10,14595.62,1459.5620000000001,9171.065054000012,Champion (Top 10%),2018-10-22,New York City,Office Supplies
JL-15835,22,33,9576.343,290.19221212121215,8903.350479999996,Champion (Top 10%),2018-12-09,Mission Viejo,Office Supplies
PF-19120,835,19,9062.864,476.99284210526315,8771.367590999987,Champion (Top 10%),2016-09-17,Gilbert,Office Supplies
JD-16150,42,17,8828.0305,519.2959117647059,8718.242279999997,Champion (Top 10%),2018-11-19,Minneapolis,Furniture
ME-17320,43,22,10663.728000000001,484.71490909090915,8636.418090999994,Champion (Top 10%),2018-11-18,Columbus,Office Supplies
LA-16780,155,26,8673.222,333.5854615384615,8567.491981999987,Champion (Top 10%),2018-07-29,Taylor,Office Supplies
NC-18535,7,15,8241.739,549.4492666666666,8433.884304999992,Champion (Top 10%),2018-12-24,Dallas,Office Supplies
JE-15715,47,22,8697.842999999999,395.3564999999999,8427.985099999998,Champion (Top 10%),2018-11-14,Broomfield,Office Supplies
DR-12940,51,13,8350.868,642.3744615384616,8359.32720500001,Champion (Top 10%),2018-11-10,Franklin,Office Supplies
KD-16270,485,16,8282.358,517.647375,8260.760040000001,Champion (Top 10%),2017-09-02,Springfield,Office Supplies
KD-16495,113,28,8181.256,292.1877142857143,8121.497650000005,Champion (Top 10%),2018-09-09,New York City,Office Supplies
SB-20290,48,17,8057.891,473.9935882352941,8030.991111999997,Champion (Top 10%),2018-11-13,Houston,Office Supplies
NF-18385,80,13,8080.474,621.5749230769231,7996.222480000008,Champion (Top 10%),2018-10-12,Jackson,Furniture
NP-18700,139,13,7903.1825,607.9371153846154,7860.327449999999,Champion (Top 10%),2018-08-14,Fresno,Office Supplies
HM-14860,3,20,8236.7648,411.83824000000004,7858.766206,Champion (Top 10%),2018-12-28,Philadelphia,Office Supplies
JH-15985,30,14,7954.9980000000005,568.2141428571429,7848.71939000001,Champion (Top 10%),2018-12-01,Saginaw,Office Supplies
GT-14635,57,6,9351.212,1558.5353333333333,7844.059498000008,Champion (Top 10%),2018-11-04,Burlington,Office Supplies
CM-12385,38,10,8954.019999999999,895.4019999999998,7797.5655500000075,Champion (Top 10%),2018-11-23,Atlanta,Office Supplies
AH-10690,411,23,7888.294,342.9693043478261,7789.1467739999935,Champion (Top 10%),2017-11-15,New York City,Office Supplies
JE-15610,49,20,7754.976,387.74879999999996,7788.069570000004,Champion (Top 10%),2018-11-12,Milwaukee,Office Supplies
AB-10060,55,18,7755.62,430.86777777777775,7771.816346999999,Champion (Top 10%),2018-11-06,New York City,Office Supplies
JM-15865,110,13,7625.076000000001,586.5443076923077,7720.086035000001,Champion (Top 10%),2018-09-12,Jamestown,Office Supplies
ZC-21910,55,31,8025.707,258.8937741935484,7715.813450000005,Champion (Top 10%),2018-11-06,Salem,Office Supplies
PK-19075,10,25,8646.934,345.87735999999995,7598.712999999992,Champion (Top 10%),2018-12-21,Madison,Office Supplies
JW-15220,43,14,7721.714,551.551,7586.972160000006,Champion (Top 10%),2018-11-18,Vancouver,Furniture
LC-16885,17,23,7663.126,333.17939130434786,7432.762455999992,Champion (Top 10%),2018-12-14,Roseville,Furniture
PO-18850,5,22,7473.8282,339.7194636363636,7316.422619999993,Champion (Top 10%),2018-12-26,Philadelphia,Office Supplies
MS-17365,274,24,7443.6900000000005,310.15375,7306.555883999988,Champion (Top 10%),2018-04-01,Detroit,Office Supplies
JD-15895,395,32,7610.8640000000005,237.83950000000002,7297.779049999991,Champion (Top 10%),2017-12-01,Philadelphia,Office Supplies
NW-18400,173,22,7234.014,328.8188181818182,7258.2671239999945,Champion (Top 10%),2018-07-11,Tigard,Office Supplies
RW-19540,121,23,7397.401,321.6261304347826,7206.509173999993,Champion (Top 10%),2018-09-01,Mesa,Office Supplies
FH-14365,6,13,6987.196,537.4766153846153,7093.920535000001,Champion (Top 10%),2018-12-25,Philadelphia,Office Supplies
BM-11650,34,29,7294.185,251.5236206896552,7072.505140000009,Champion (Top 10%),2018-11-27,New York City,Office Supplies
PS-19045,237,13,6843.634,526.4333846153846,6997.794825000002,Champion (Top 10%),2018-05-08,Charlotte,Office Supplies
RH-19510,468,12,6979.18,581.5983333333334,6932.667190000007,Champion (Top 10%),2017-09-19,Providence,Office Supplies
Dp-13240,85,29,7198.7609999999995,248.23313793103446,6798.205035000005,Champion (Top 10%),2018-10-07,Murray,Office Supplies
PP-18955,98,34,7252.608,213.312,6774.938290000003,Champion (Top 10%),2018-09-24,Smyrna,Office Supplies
JE-15745,52,23,6760.8150000000005,293.9484782608696,6730.6996659999895,Champion (Top 10%),2018-11-09,Memphis,Furniture
YS-21880,10,12,6720.4439999999995,560.0369999999999,6702.241440000005,Champion (Top 10%),2018-12-21,Burlington,Office Supplies
VD-21670,582,16,6442.254,402.640875,6682.332573,Champion (Top 10%),2017-05-28,Columbia,Office Supplies
BB-11545,29,20,6765.728,338.2864,6668.726191999996,Champion (Top 10%),2018-12-02,Houston,Office Supplies
AR-10540,7,9,6608.448,734.272,6534.155329999992,Champion (Top 10%),2018-12-24,New York City,Office Supplies
MJ-17740,23,15,6320.746,421.38306666666665,6474.249385999998,Champion (Top 10%),2018-12-08,Seattle,Office Supplies
DR-12880,4,24,6528.034000000001,272.00141666666667,6471.352449999995,Champion (Top 10%),2018-12-27,Chicago,Office Supplies
JA-15970,93,24,6491.026,270.45941666666664,6447.971389999999,Champion (Top 10%),2018-09-29,Phoenix,Office Supplies
RM-19675,7,11,5979.0960000000005,543.5541818181819,6407.429479999999,Champion (Top 10%),2018-12-24,Monroe,Technology
SB-20185,189,12,6410.996,534.2496666666667,6393.830930000004,Champion (Top 10%),2018-06-25,Concord,Technology
JG-15160,2,18,6366.392,353.68844444444443,6393.252419999997,Champion (Top 10%),2018-12-29,Los Angeles,Office Supplies
VW-21775,29,18,6134.0380000000005,340.77988888888893,6336.715586999996,Champion (Top 10%),2018-12-02,Medina,Office Supplies
DM-13015,58,20,6345.103,317.25515,6295.841712000001,Champion (Top 10%),2018-11-03,Encinitas,Office Supplies
NM-18445,161,14,6459.344,461.3817142857143,6270.654679999999,Champion (Top 10%),2018-07-23,New York City,Office Supplies
GK-14620,113,14,6497.27,464.09071428571434,6247.77318,Champion (Top 10%),2018-09-09,Hesperia,Office Supplies
RL-19615,122,24,6234.91,259.78791666666666,6245.659069999999,Champion (Top 10%),2018-08-31,Montgomery,Office Supplies
BH-11710,24,24,6255.351,260.63962499999997,6184.330060000004,Champion (Top 10%),2018-12-07,Los Angeles,Office Supplies
AD-10180,30,12,6106.88,508.9066666666667,6152.547860000003,Champion (Top 10%),2018-12-01,Houston,Office Supplies
GM-14695,118,11,6049.966,549.9969090909091,6131.764540000008,Champion (Top 10%),2018-09-04,Los Angeles,Office Supplies
SD-20485,201,21,6121.114,291.481619047619,6112.808589999993,Champion (Top 10%),2018-06-13,New Rochelle,Office Supplies
KH-16690,3,15,5990.799,399.3866,6074.6575760000005,Champion (Top 10%),2018-12-28,San Francisco,Office Supplies
BF-11170,17,27,5907.972,218.81377777777777,6035.94638,Champion (Top 10%),2018-12-14,Los Angeles,Office Supplies
QJ-19255,26,13,6108.338,469.8721538461538,5981.430469999997,Champion (Top 10%),2018-12-05,Saint Paul,Office Supplies
SC-20380,31,20,5992.536,299.6268,5964.78077,Champion (Top 10%),2018-11-30,Seattle,Office Supplies
YC-21895,5,8,5454.35,681.79375,5850.7629299999935,Loyalist,2018-12-26,San Francisco,Office Supplies
CS-12505,59,9,5690.054999999999,632.2283333333332,5849.856289999999,Loyalist,2018-11-02,Thomasville,Office Supplies
AC-10450,12,9,5527.846,614.205111111111,5833.2709700000005,Loyalist,2018-12-19,Minneapolis,Office Supplies
WB-21850,21,35,6129.71,175.13457142857143,5805.830560000002,Loyalist,2018-12-10,Philadelphia,Office Supplies
RB-19795,33,18,5633.316000000001,312.96200000000005,5785.109872000002,Loyalist,2018-11-28,Gastonia,Office Supplies
BD-11320,34,19,5718.521,300.9747894736842,5757.442860000003,Loyalist,2018-11-27,San Francisco,Office Supplies
CB-12025,48,22,5730.669,260.4849545454545,5753.684739999998,Loyalist,2018-11-13,Hamilton,Office Supplies
CP-12340,161,14,5817.187,415.51335714285716,5725.548329999995,Loyalist,2018-07-23,New York City,Office Supplies
AM-10705,163,22,5664.022,257.4555454545455,5715.435979999997,Loyalist,2018-07-21,Auburn,Office Supplies
AA-10315,185,11,5563.56,505.77818181818185,5678.314430000004,Loyalist,2018-06-29,Minneapolis,Office Supplies
LW-17215,22,15,5420.514,361.3676,5656.454922000007,Loyalist,2018-12-09,Pasadena,Office Supplies
CM-12655,28,8,5890.508,736.3135,5646.2231499999925,Loyalist,2018-12-03,Los Angeles,Technology
TP-21415,105,10,5329.0048,532.90048,5627.6469700000025,Loyalist,2018-09-17,Seattle,Office Supplies
KM-16375,57,20,5620.186,281.0093,5543.388069999995,Loyalist,2018-11-04,Salem,Office Supplies
EP-13915,13,31,5478.0608,176.71163870967743,5496.0631900000035,Loyalist,2018-12-18,Chicago,Office Supplies
MH-18115,6,22,5503.093,250.1405909090909,5493.396384999996,Loyalist,2018-12-25,Chester,Office Supplies
SP-20620,48,24,5440.319,226.67995833333336,5472.554930000004,Loyalist,2018-11-13,Philadelphia,Office Supplies
DP-13390,359,14,5480.723999999999,391.4802857142857,5454.475039999996,Loyalist,2018-01-06,Peoria,Office Supplies
CP-12085,83,14,5402.254,385.8752857142857,5395.233350000004,Loyalist,2018-10-09,Norwich,Office Supplies
NP-18325,26,21,5529.62,263.3152380952381,5368.7044750000005,Loyalist,2018-12-05,Waynesboro,Office Supplies
TT-21460,13,14,5364.808,383.20057142857144,5357.775430000008,Loyalist,2018-12-18,Aurora,Office Supplies
MW-18220,18,14,5341.900000000001,381.56428571428575,5353.144140000008,Loyalist,2018-12-13,New York City,Technology
MW-18235,45,3,5253.876,1751.2920000000001,5312.323317999996,Loyalist,2018-11-16,Virginia Beach,Technology
TS-21205,199,19,5371.09,282.68894736842105,5292.100840000007,Loyalist,2018-06-15,Hackensack,Office Supplies
HR-14830,160,14,5248.787,374.91335714285714,5278.861980000005,Loyalist,2018-07-24,Seattle,Office Supplies
TW-21025,65,12,5278.826,439.9021666666667,5212.2099100000005,Loyalist,2018-10-27,Scottsdale,Office Supplies
KH-16510,23,20,5229.695000000001,261.48475,5197.3755100000035,Loyalist,2018-12-08,San Francisco,Office Supplies
KL-16555,17,22,5016.488,228.02218181818182,5193.674605,Loyalist,2018-12-14,Colorado Springs,Office Supplies
DW-13480,218,11,5271.628,479.2389090909091,5174.051030000006,Loyalist,2018-05-27,Lakeville,Office Supplies
RA-19915,13,22,4793.543,217.88831818181816,5094.2901,Loyalist,2018-12-18,Houston,Office Supplies
AA-10645,56,18,5086.9349999999995,282.60749999999996,5067.876939999999,Loyalist,2018-11-05,Chester,Furniture
RP-19390,34,25,5153.084,206.12336,5036.17891999999,Loyalist,2018-11-27,Cleveland,Office Supplies
SC-20725,188,26,5226.21,201.0080769230769,5035.161020000003,Loyalist,2018-06-26,Wilmington,Office Supplies
LR-16915,27,16,5142.892,321.43075,5031.022559999996,Loyalist,2018-12-04,San Diego,Office Supplies
IL-15100,143,14,5040.736,360.0525714285714,5030.650705999995,Loyalist,2018-08-10,San Francisco,Office Supplies
TT-21070,32,14,4915.602,351.11442857142856,4940.585628000006,Loyalist,2018-11-29,Los Angeles,Office Supplies
PO-19180,161,18,4893.043,271.8357222222222,4938.095225000003,Loyalist,2018-07-23,Chicago,Office Supplies
LB-16795,153,24,4985.676,207.7365,4937.510839999995,Loyalist,2018-07-31,Highland Park,Office Supplies
AH-10210,7,13,4805.344,369.64184615384613,4937.474242000002,Loyalist,2018-12-24,Brentwood,Office Supplies
HW-14935,118,15,4827.934,321.8622666666667,4894.412709999993,Loyalist,2018-09-04,San Diego,Office Supplies
HK-14890,152,15,4877.784,325.18559999999997,4889.563959999993,Loyalist,2018-08-01,Franklin,Office Supplies
AJ-10780,76,15,4867.344,324.4896,4876.440729999995,Loyalist,2018-10-16,Springfield,Office Supplies
IM-15070,391,21,4930.474,234.7844761904762,4830.642439999993,Loyalist,2017-12-05,Seattle,Office Supplies
KM-16720,29,28,4909.472,175.33828571428572,4830.602860000003,Loyalist,2018-12-02,Los Angeles,Office Supplies
MP-18175,17,18,4757.332,264.29622222222224,4818.345820000001,Loyalist,2018-12-14,Laguna Niguel,Office Supplies
JK-15640,181,12,4760.434,396.70283333333333,4816.832104000003,Loyalist,2018-07-03,New York City,Office Supplies
JK-15730,85,19,4769.9,251.04736842105262,4795.353750000007,Loyalist,2018-10-07,Asheville,Office Supplies
TB-21520,108,20,4737.486,236.8743,4742.894069999993,Loyalist,2018-09-14,Philadelphia,Office Supplies
PM-19135,52,7,4115.662,587.9517142857143,4742.402070000002,Loyalist,2018-11-09,Detroit,Technology
RB-19465,10,23,4715.466,205.02026086956522,4738.824809999996,Loyalist,2018-12-21,Chicago,Office Supplies
DK-13225,11,19,4802.394,252.75757894736844,4735.424120000005,Loyalist,2018-12-20,Philadelphia,Office Supplies
SA-20830,64,21,4767.3415,227.01626190476193,4717.255349999998,Loyalist,2018-10-28,Chicago,Office Supplies
GB-14575,14,16,4716.288,294.768,4716.979089999997,Loyalist,2018-12-17,Philadelphia,Office Supplies
DB-13270,54,13,4655.897,358.14592307692305,4661.331724,Loyalist,2018-11-07,San Diego,Office Supplies
ES-14080,29,20,4657.924,232.8962,4649.393064999998,Loyalist,2018-12-02,Melbourne,Office Supplies
SC-20050,41,15,4624.572,308.3048,4640.831823999997,Loyalist,2018-11-20,Norwich,Office Supplies
KT-16480,101,13,4642.088400000001,357.0837230769231,4621.825054000004,Loyalist,2018-09-21,Buffalo,Office Supplies
EM-14140,49,21,4588.436000000001,218.49695238095242,4557.004184999998,Loyalist,2018-11-12,Glendale,Office Supplies
AR-10825,59,13,4523.336,347.9489230769231,4555.5343720000055,Loyalist,2018-11-02,Vancouver,Furniture
AG-10900,97,21,4510.797,214.79985714285712,4513.488160000005,Loyalist,2018-09-25,Tucson,Office Supplies
AJ-10795,167,21,4501.391,214.35195238095235,4509.249735000003,Loyalist,2018-07-17,Saint Petersburg,Office Supplies
LC-16930,42,14,4492.946,320.9247142857143,4508.802620000001,Loyalist,2018-11-19,Naperville,Office Supplies
SC-20770,42,21,4492.657,213.93604761904763,4502.817515000003,Loyalist,2018-11-19,Decatur,Office Supplies
SM-20950,26,20,4464.862,223.2431,4483.2400750000015,Loyalist,2018-12-05,Greenville,Office Supplies
BW-11110,122,17,4750.358,279.4328235294118,4455.3161009999985,Loyalist,2018-08-31,Milwaukee,Office Supplies
TP-21130,9,16,4454.0560000000005,278.37850000000003,4435.298637999997,Loyalist,2018-12-22,Philadelphia,Office Supplies
SR-20740,197,12,4345.8859999999995,362.1571666666666,4435.135740000001,Loyalist,2018-06-17,New York City,Office Supplies
JK-15205,62,12,4262.2919999999995,355.191,4421.970032,Loyalist,2018-10-30,San Francisco,Office Supplies
AI-10855,14,18,4375.786,243.09922222222224,4354.1707900000065,Loyalist,2018-12-17,Philadelphia,Office Supplies
DK-12895,46,15,4282.176,285.4784,4348.869787999996,Loyalist,2018-11-15,Kenosha,Office Supplies
MC-17425,400,10,4432.138,443.2138,4343.723689999997,Loyalist,2017-11-26,Mobile,Office Supplies
ND-18370,28,18,4326.139,240.34105555555556,4342.7428300000065,Loyalist,2018-12-03,Louisville,Office Supplies
RD-19480,73,15,4272.93,284.862,4339.247873999997,Loyalist,2018-10-19,Olympia,Office Supplies
TC-21295,28,16,4266.812,266.67575,4337.877309999999,Loyalist,2018-12-03,San Diego,Office Supplies
SC-20230,150,11,4371.9580000000005,397.4507272727273,4323.717629999999,Loyalist,2018-08-03,Arlington,Office Supplies
KW-16435,97,10,4416.5199999999995,441.65199999999993,4314.53717,Loyalist,2018-09-25,New York City,Technology
BD-11500,36,10,4411.2429999999995,441.12429999999995,4310.128480000001,Loyalist,2018-11-25,Green Bay,Office Supplies
SP-20860,80,24,4282.94,178.45583333333332,4298.6743719999995,Loyalist,2018-10-12,Philadelphia,Office Supplies
CB-12535,198,19,4246.4555,223.49765789473685,4270.684984999997,Loyalist,2018-06-16,Chapel Hill,Office Supplies
AS-10225,23,13,4260.784,327.75261538461535,4262.493324000003,Loyalist,2018-12-08,New York City,Office Supplies
TH-21550,73,13,4234.0960000000005,325.6996923076923,4236.729196000003,Loyalist,2018-10-19,New York City,Office Supplies
GZ-14470,8,14,4355.150000000001,311.0821428571429,4236.508990000003,Loyalist,2018-12-23,Rochester,Office Supplies
FH-14275,38,21,4256.272,202.67961904761904,4231.888299999998,Loyalist,2018-11-23,La Porte,Office Supplies
BE-11335,120,9,4204.676,467.1862222222223,4214.404809999995,Loyalist,2018-09-02,Jackson,Office Supplies
JF-15565,55,16,4198.332,262.39575,4202.909625999998,Loyalist,2018-11-06,Dallas,Office Supplies
GH-14425,51,10,4172.8460000000005,417.28460000000007,4140.7451100000035,Loyalist,2018-11-10,Tucson,Office Supplies
DM-13345,23,13,4074.4719999999998,313.42092307692303,4076.8404050000036,Loyalist,2018-12-08,Roswell,Office Supplies
DB-13060,17,10,4151.51,415.151,4069.888520000003,Loyalist,2018-12-14,Seattle,Office Supplies
SV-20785,321,25,4105.305,164.21220000000002,4063.461741999997,Loyalist,2018-02-13,Pueblo,Office Supplies
RS-19765,37,14,4159.7699999999995,297.12642857142856,4034.4736709999993,Loyalist,2018-11-24,Mount Vernon,Office Supplies
FP-14320,24,14,4046.746,289.0532857142857,3996.0318190000007,Loyalist,2018-12-07,Los Angeles,Office Supplies
SP-20920,71,14,3990.689,285.0492142857143,3982.957894000006,Loyalist,2018-10-21,Los Angeles,Office Supplies
RO-19780,36,12,3815.478,317.9565,3953.8031099999994,Loyalist,2018-11-25,Memphis,Office Supplies
CM-12715,1035,13,3984.4524,306.49633846153847,3953.044356000003,Loyalist,2016-03-01,Huntsville,Office Supplies
SJ-20125,96,24,3949.656,164.569,3943.480956,Loyalist,2018-09-26,New Brunswick,Office Supplies
MP-17965,73,20,3983.6420000000003,199.18210000000002,3939.816375999998,Loyalist,2018-10-19,Lawrence,Office Supplies
DB-13555,108,14,3908.8028,279.2002,3934.9870170000045,Loyalist,2018-09-14,Jacksonville,Office Supplies
PW-19240,465,12,3922.4150000000004,326.8679166666667,3926.983217999996,Loyalist,2017-09-22,Louisville,Office Supplies
NP-18670,59,10,3908.402,390.8402,3912.973580000001,Loyalist,2018-11-02,Edmond,Office Supplies
LF-17185,23,16,3930.5089999999996,245.65681249999997,3897.2022750000037,Loyalist,2018-12-08,Miami,Office Supplies
BS-11380,29,13,3887.834,299.06415384615383,3886.350771999997,Loyalist,2018-12-02,Skokie,Office Supplies
JK-16090,29,9,3747.668,416.4075555555556,3880.316120000001,Loyalist,2018-12-02,Omaha,Office Supplies
CC-12220,21,21,3670.258,174.77419047619046,3865.8880199999944,Loyalist,2018-12-10,La Porte,Office Supplies
MC-17845,2,14,3805.714,271.83671428571427,3865.301941999998,Loyalist,2018-12-29,Jackson,Office Supplies
FC-14335,185,10,3889.366,388.9366,3861.287159999999,Loyalist,2018-06-29,Mesquite,Office Supplies
JS-15880,535,9,3868.02,429.78,3859.5900100000017,Loyalist,2017-07-14,Seattle,Office Supplies
MG-17650,30,14,3785.276,270.37685714285715,3833.001456000004,Loyalist,2018-12-01,Philadelphia,Office Supplies
AT-10735,14,16,3831.864,239.4915,3822.34047,Loyalist,2018-12-17,Seattle,Office Supplies
JK-15625,62,12,3760.028,313.33566666666667,3807.1435539999975,Loyalist,2018-10-30,Seattle,Furniture
OT-18730,66,10,3818.624,381.8624,3805.3117300000035,Loyalist,2018-10-26,Los Angeles,Office Supplies
KC-16540,98,5,3908.262,781.6524000000001,3792.440599999994,Loyalist,2018-09-24,San Diego,Office Supplies
CA-11965,97,10,3789.7228,378.97228,3774.4189600000036,Loyalist,2018-09-25,Hoover,Office Supplies
GA-14515,150,10,3797.2320000000004,379.7232,3773.121810000003,Loyalist,2018-08-03,San Francisco,Office Supplies
CS-12400,3,14,3651.8585000000003,260.8470357142857,3730.581614999996,Loyalist,2018-12-28,Chicago,Office Supplies
SC-20260,188,18,3729.7929999999997,207.21072222222222,3710.489829000002,Loyalist,2018-06-26,San Francisco,Office Supplies
BP-11185,2,18,3675.861,204.2145,3708.9472939999982,Loyalist,2018-12-29,Arvada,Office Supplies
JP-15520,9,16,3635.594,227.224625,3690.6240470000002,Loyalist,2018-12-22,San Francisco,Office Supplies
FM-14290,37,20,3736.198,186.8099,3677.3254199999974,Loyalist,2018-11-24,Los Angeles,Office Supplies
EB-13705,49,12,3644.978,303.7481666666667,3673.6195240000006,Loyalist,2018-11-12,Akron,Office Supplies
RH-19495,33,8,3621.3759999999997,452.67199999999997,3654.7037799999957,Loyalist,2018-11-28,Rochester,Office Supplies
KH-16630,59,17,3918.9660000000003,230.5274117647059,3646.3536249999997,Loyalist,2018-11-02,San Antonio,Office Supplies
HG-15025,7,11,3690.284,335.4803636363636,3644.3021599999984,Loyalist,2018-12-24,Amarillo,Office Supplies
SC-20305,30,10,3650.473,365.0473,3641.4448400000006,Loyalist,2018-12-01,Rochester Hills,Office Supplies
RA-19885,56,13,3546.224,272.78646153846154,3640.8315860000025,Loyalist,2018-11-05,Los Angeles,Office Supplies
MM-17920,8,15,3640.2560000000003,242.68373333333335,3629.8801519999984,Loyalist,2018-12-23,San Francisco,Office Supplies
SZ-20035,36,20,3625.329,181.26645000000002,3616.779940000001,Loyalist,2018-11-25,Pico Rivera,Office Supplies
DL-13495,77,12,3539.322,294.94350000000003,3602.894083999994,Loyalist,2018-10-15,San Francisco,Office Supplies
ES-14020,41,8,3510.4579999999996,438.80724999999995,3591.878859999997,Loyalist,2018-11-20,San Francisco,Office Supplies
PW-19030,47,13,3454.916,265.76276923076927,3589.2966410000026,Loyalist,2018-11-14,Richmond,Office Supplies
TB-21175,59,11,3589.296,326.29963636363635,3576.5237799999973,Loyalist,2018-11-02,Houston,Office Supplies
GM-14440,84,11,3582.8199999999997,325.71090909090907,3551.9762400000013,Loyalist,2018-10-08,San Francisco,Furniture
MY-18295,72,19,3601.88,189.57263157894738,3539.0585340000016,Loyalist,2018-10-20,Grapevine,Office Supplies
SH-20635,765,2,2096.392,1048.196,3515.455149999996,Loyalist,2016-11-26,Jackson,Furniture
DH-13075,278,18,3487.1980000000003,193.73322222222225,3499.738954999996,Loyalist,2018-03-28,Richmond,Office Supplies
AG-10675,98,15,3489.0396000000005,232.60264000000004,3491.6549700000032,Loyalist,2018-09-24,Houston,Office Supplies
RW-19690,80,15,3495.646,233.04306666666668,3486.8344060000036,Loyalist,2018-10-12,Wilmington,Office Supplies
SG-20080,9,11,3406.5809999999997,309.6891818181818,3450.91218,Loyalist,2018-12-22,Independence,Office Supplies
SF-20200,60,15,3422.7859999999996,228.1857333333333,3448.3989360000005,Loyalist,2018-11-01,Marysville,Office Supplies
ED-13885,136,14,3484.92,248.92285714285714,3433.3788820000027,Loyalist,2018-08-17,San Diego,Office Supplies
FC-14245,71,14,3418.742,244.19585714285716,3402.1226080000038,Loyalist,2018-10-21,Lakewood,Office Supplies
LW-16990,34,11,3230.308,293.66436363636365,3396.87954,Loyalist,2018-11-27,San Francisco,Furniture
TS-21655,239,14,3368.094,240.57814285714286,3379.0416120000004,Loyalist,2018-05-06,Milwaukee,Office Supplies
VP-21760,76,14,3360.526,240.03757142857143,3374.8169000000053,Loyalist,2018-10-16,San Francisco,Office Supplies
SC-20020,781,17,3362.9636,197.8213882352941,3372.146301999999,Loyalist,2016-11-10,Plano,Office Supplies
DJ-13630,13,8,3356.398,419.54975,3370.731339999995,Loyalist,2018-12-18,New York City,Office Supplies
DL-12925,58,14,3272.2,233.72857142857143,3370.317752000003,Loyalist,2018-11-03,Oceanside,Office Supplies
DC-12850,38,18,3336.168,185.34266666666667,3347.9432999999995,Loyalist,2018-11-23,Florence,Office Supplies
KH-16330,41,18,3312.864,184.048,3344.2860399999995,Loyalist,2018-11-20,Bowling Green,Office Supplies
SF-20965,49,17,3336.535,196.26676470588234,3339.329437999998,Loyalist,2018-11-12,Dearborn,Office Supplies
BS-11665,583,11,3288.1099999999997,298.91909090909087,3316.893739999994,Loyalist,2017-05-27,Philadelphia,Furniture
KH-16360,2,14,3100.612,221.47228571428573,3284.8455299999996,Loyalist,2018-12-29,Philadelphia,Office Supplies
SR-20425,9,9,3233.481,359.27566666666667,3284.7383000000027,Loyalist,2018-12-22,Louisville,Office Supplies
HG-14965,24,17,3247.642,191.03776470588235,3279.7204279999964,Loyalist,2018-12-07,Los Angeles,Office Supplies
DG-13300,33,8,3195.818,399.47725,3271.176279999999,Loyalist,2018-11-28,Philadelphia,Office Supplies
RR-19525,171,10,3302.2619999999997,330.22619999999995,3266.8746299999957,Loyalist,2018-07-13,Lowell,Office Supplies
SG-20605,109,12,3118.892,259.90766666666667,3264.4604000000004,Loyalist,2018-09-13,New York City,Office Supplies
TN-21040,91,12,3130.221,260.85175,3253.5222519999998,Loyalist,2018-10-01,Phoenix,Technology
RF-19345,391,16,3309.15,206.821875,3242.8646700000036,Loyalist,2017-12-05,Dover,Office Supplies
DV-13465,30,13,3254.487,250.34515384615386,3240.582300000001,Loyalist,2018-12-01,Denver,Office Supplies
AS-10285,20,8,3214.236,401.7795,3236.003799999998,Loyalist,2018-12-11,San Francisco,Office Supplies
CT-11995,97,18,3241.898,180.10544444444446,3234.1550799999964,Loyalist,2018-09-25,Rochester,Office Supplies
RS-19420,77,9,3221.29,357.9211111111111,3226.247430000001,Loyalist,2018-10-15,Seattle,Office Supplies
DK-13375,20,23,3318.486,144.28199999999998,3220.26529,Loyalist,2018-12-11,Marion,Office Supplies
AH-10075,35,20,3250.337,162.51685,3218.12148,Loyalist,2018-11-26,New York City,Office Supplies
MA-17560,65,34,4299.161,126.44591176470588,3211.9211100000016,Loyalist,2018-10-27,Houston,Office Supplies
JO-15145,58,13,3254.949,250.3806923076923,3207.0001450000004,Loyalist,2018-11-03,Philadelphia,Office Supplies
RW-19630,90,16,3279.746,204.984125,3193.326124000004,Loyalist,2018-10-02,Dallas,Office Supplies
JL-15505,50,17,3173.874,186.6984705882353,3182.648666000003,Loyalist,2018-11-11,New York City,Office Supplies
KB-16240,5,10,3152.6150000000002,315.2615,3172.6583399999968,Loyalist,2018-12-26,Los Angeles,Office Supplies
GM-14680,153,11,3163.628,287.60254545454546,3167.7610699999996,Loyalist,2018-07-31,Seattle,Furniture
CS-12355,7,22,3202.1620000000003,145.5528181818182,3159.3391480000037,Loyalist,2018-12-24,Roswell,Office Supplies
EB-13750,36,20,3236.314,161.8157,3154.7799279999995,Loyalist,2018-11-25,Seattle,Office Supplies
AS-10090,29,25,3255.31,130.2124,3148.831045999999,Loyalist,2018-12-02,Charlottesville,Office Supplies
GM-14455,17,12,3078.624,256.55199999999996,3143.8251650000025,Loyalist,2018-12-14,Houston,Technology
LP-17095,10,13,3104.439,238.803,3140.6553450000038,Loyalist,2018-12-21,Murray,Office Supplies
JM-15250,38,19,3159.1220000000003,166.26957894736844,3138.7503459999984,Loyalist,2018-11-23,Charlotte,Office Supplies
MS-17770,122,19,3144.678,165.5093684210526,3135.265696000004,Loyalist,2018-08-31,New York City,Office Supplies
SN-20710,80,19,3127.9592,164.62943157894736,3128.7227200000007,Loyalist,2018-10-12,Houston,Office Supplies
BT-11680,21,20,3196.752,159.8376,3122.6102959999994,Loyalist,2018-12-10,Newark,Office Supplies
KT-16465,392,14,3057.1,218.3642857142857,3113.6584300000013,Loyalist,2017-12-04,Los Angeles,Office Supplies
SL-20155,71,8,3046.532,380.8165,3109.162330000001,Loyalist,2018-10-21,Jacksonville,Office Supplies
MG-18145,85,8,3061.543,382.692875,3082.105630000002,Loyalist,2018-10-07,Philadelphia,Office Supplies
EH-14125,153,18,3082.653,171.2585,3072.0930799999974,Loyalist,2018-07-31,Aurora,Office Supplies
AP-10915,99,31,3323.556,107.21148387096774,3067.805980000002,Loyalist,2018-09-23,Palm Coast,Office Supplies
TG-21310,338,9,3058.372,339.8191111111111,3058.3515819999984,Loyalist,2018-01-27,Los Angeles,Office Supplies
EB-14110,114,11,3071.126,279.19327272727276,3048.4717399999963,Loyalist,2018-09-08,Philadelphia,Furniture
CA-12775,121,17,3041.566,178.9156470588235,3047.189669999999,Loyalist,2018-09-01,Tampa,Office Supplies
AS-10045,89,10,3050.692,305.0692,3046.0192719999995,Loyalist,2018-10-03,Jacksonville,Office Supplies
TH-21115,59,9,2942.772,326.9746666666667,3043.5529599999973,Loyalist,2018-11-02,Philadelphia,Office Supplies
MH-18025,50,10,2984.948,298.4948,3036.4667560000003,Loyalist,2018-11-11,Seattle,Furniture
RD-19900,115,21,3133.924,149.2344761904762,3009.6789940000003,Loyalist,2018-09-07,Carlsbad,Office Supplies
SS-20410,111,12,3056.8070000000002,254.7339166666667,3007.357952,Loyalist,2018-09-11,Los Angeles,Office Supplies
FA-14230,98,17,2984.054,175.53258823529413,3001.613670000002,Loyalist,2018-09-24,Long Beach,Technology
CS-11950,26,22,3036.547,138.02486363636365,2990.554487,Loyalist,2018-12-05,Chicago,Office Supplies
CK-12205,40,32,3154.855,98.58921875,2988.6192700000024,Loyalist,2018-11-21,Philadelphia,Office Supplies
BC-11125,203,18,2933.676,162.982,2969.092042,Loyalist,2018-06-11,Peoria,Office Supplies
DK-12835,22,27,3256.48,120.61037037037038,2968.9968050000007,Loyalist,2018-12-09,Salinas,Office Supplies
LS-16975,21,22,2988.674,135.8488181818182,2966.766093999999,Loyalist,2018-12-10,Los Angeles,Office Supplies
JK-16120,118,17,2932.484,172.4990588235294,2959.4206419999987,Loyalist,2018-09-04,Aurora,Office Supplies
PG-18820,37,26,3086.907,118.72719230769232,2958.0262450000037,Loyalist,2018-11-24,San Francisco,Office Supplies
DB-13120,49,14,2973.094,212.36385714285714,2956.282630000002,Loyalist,2018-11-12,Santa Clara,Office Supplies
LT-17110,35,14,2936.252,209.73228571428572,2946.10584,Loyalist,2018-11-26,Lancaster,Office Supplies
MP-17470,719,12,2945.822,245.4851666666667,2945.2177399999982,Loyalist,2017-01-11,New York City,Furniture
CK-12325,121,12,2945.321,245.44341666666665,2939.8491999999983,Loyalist,2018-09-01,Orem,Furniture
ND-18460,184,8,2893.455,361.681875,2939.29891,Loyalist,2018-06-30,Macon,Office Supplies
ML-17410,55,14,2885.26,206.09,2893.6620900000025,Loyalist,2018-11-06,Fairfield,Office Supplies
DS-13180,24,20,2881.8128,144.09064,2891.423254000006,Loyalist,2018-12-07,Detroit,Office Supplies
GH-14410,76,17,2819.4669999999996,165.85099999999997,2889.907658000002,Loyalist,2018-10-16,Glendale,Office Supplies
CC-12685,799,12,2854.1150000000002,237.8429166666667,2886.3438499999984,Loyalist,2016-10-23,Greensboro,Office Supplies
RD-19660,115,4,2745.892,686.473,2886.3004399999963,Loyalist,2018-09-07,Saint Peters,Furniture
LS-16945,179,14,2845.27,203.23357142857142,2879.836346,Loyalist,2018-07-05,Philadelphia,Office Supplies
PV-18985,90,13,2876.046,221.23430769230768,2870.2914959999994,Loyalist,2018-10-02,San Francisco,Office Supplies
BG-11035,29,12,2798.948,233.24566666666666,2868.54595,Loyalist,2018-12-02,Monroe,Office Supplies
TS-21610,56,11,2820.424,256.4021818181818,2852.6686599999994,Loyalist,2018-11-05,Phoenix,Office Supplies
MT-17815,50,10,2890.139,289.01390000000004,2847.4284700000003,Loyalist,2018-11-11,Scottsdale,Office Supplies
BF-11020,75,21,2888.506,137.54790476190476,2846.706197999996,Loyalist,2018-10-17,Green Bay,Office Supplies
CV-12295,255,13,2830.6279999999997,217.74061538461535,2832.2642299999993,Loyalist,2018-04-20,Fresno,Office Supplies
AW-10930,47,16,2852.968,178.3105,2831.8576029999963,Loyalist,2018-11-14,Aurora,Office Supplies
SW-20455,163,8,2835.564,354.4455,2829.080126000003,Loyalist,2018-07-21,Suffolk,Office Supplies
CC-12430,1,19,2870.05,151.05526315789476,2827.6559499999967,Loyalist,2018-12-30,Columbus,Office Supplies
TM-21010,104,15,2819.026,187.93506666666664,2809.0615600000056,Loyalist,2018-09-18,San Francisco,Office Supplies
RD-19585,181,18,2832.904,157.38355555555555,2804.0530480000016,Loyalist,2018-07-03,Henderson,Office Supplies
NS-18640,175,23,2857.753,124.25013043478262,2800.393449999999,Loyalist,2018-07-09,Chicago,Office Supplies
EB-13870,101,11,2767.219,251.56536363636363,2796.871704000002,Loyalist,2018-09-21,Orem,Furniture
JM-16195,58,19,2833.9260000000004,149.15400000000002,2786.7612380000023,Loyalist,2018-11-03,Los Angeles,Office Supplies
BD-11605,98,15,2783.189,185.54593333333332,2785.1546200000057,Loyalist,2018-09-24,Lawrence,Office Supplies
TB-21625,31,15,2797.668,186.5112,2784.910945000003,Loyalist,2018-11-30,Grand Prairie,Office Supplies
LC-16960,437,7,3246.626,463.8037142857143,2775.2073600000017,Loyalist,2017-10-20,Arlington,Office Supplies
JC-15775,159,16,2772.055,173.2534375,2766.310939999997,Loyalist,2018-07-25,San Antonio,Office Supplies
ML-17395,70,20,2722.843,136.14215,2754.073547999996,Loyalist,2018-10-22,Los Angeles,Office Supplies
PF-19165,197,10,2770.0,277.0,2751.6830599999994,Loyalist,2018-06-17,Bloomington,Office Supplies
CS-12250,27,28,2754.216,98.36485714285713,2737.866179999997,Loyalist,2018-12-04,Bossier City,Office Supplies
EA-14035,153,22,2752.441,125.11095454545453,2733.4576349999984,Loyalist,2018-07-31,Charlotte,Office Supplies
BO-11350,138,12,2682.728,223.56066666666666,2723.9623399999996,Loyalist,2018-08-15,Los Angeles,Office Supplies
JL-15850,615,11,2725.256,247.75054545454543,2719.188505999998,Loyalist,2017-04-25,Philadelphia,Office Supplies
KB-16585,231,23,2744.742,119.33660869565219,2717.2169599999997,Loyalist,2018-05-14,Fremont,Office Supplies
EJ-14155,58,8,2656.691,332.086375,2716.8282199999994,Loyalist,2018-11-03,Gulfport,Furniture
MM-18055,62,19,2749.881,144.7305789473684,2713.8627440000023,Loyalist,2018-10-30,Seattle,Office Supplies
MD-17350,118,15,2716.412,181.09413333333333,2706.315000000003,Loyalist,2018-09-04,Fayetteville,Office Supplies
MC-17275,77,13,2725.982,209.69092307692307,2702.609819999998,Loyalist,2018-10-15,Lafayette,Office Supplies
FO-14305,39,15,2678.438,178.56253333333333,2693.4432549999988,Loyalist,2018-11-22,New York City,Office Supplies
CA-12265,57,16,2638.3272,164.89545,2672.661525999999,Loyalist,2018-11-04,Chicago,Office Supplies
JE-16165,21,7,2697.248,385.3211428571429,2672.61398,Loyalist,2018-12-10,Franklin,Office Supplies
BT-11530,92,10,2684.4919999999997,268.44919999999996,2663.4748399999994,Loyalist,2018-09-30,Los Angeles,Office Supplies
DK-13090,43,13,2650.557,203.88899999999998,2649.436550000001,Loyalist,2018-11-18,Seattle,Office Supplies
LC-17140,14,19,2633.582,138.60957894736842,2630.600889999997,Loyalist,2018-12-17,Dallas,Office Supplies
SU-20665,21,18,2595.364,144.1868888888889,2629.237060000001,Loyalist,2018-12-10,Jackson,Office Supplies
SO-20335,30,15,2602.5755,173.50503333333333,2622.782745000002,Loyalist,2018-12-01,Fort Lauderdale,Furniture
RA-19285,6,17,2617.906,153.9944705882353,2592.352535999999,Loyalist,2018-12-25,New York City,Office Supplies
AG-10270,279,14,2582.898,184.4927142857143,2591.5092899999963,Loyalist,2018-03-27,West Jordan,Office Supplies
SC-20695,90,14,2576.408,184.02914285714286,2585.551619999998,Loyalist,2018-10-02,Hialeah,Office Supplies
HA-14920,21,18,2584.158,143.56433333333334,2585.1133279999985,Loyalist,2018-12-10,Pasadena,Office Supplies
NS-18505,7,15,2575.863,171.7242,2580.650039000002,Loyalist,2018-12-24,Dallas,Office Supplies
MZ-17515,283,10,2564.906,256.4906,2579.294043999997,Loyalist,2018-03-23,Redlands,Office Supplies
BS-11755,2,14,2562.382,183.0272857142857,2569.236385000003,Loyalist,2018-12-29,Denver,Office Supplies
SH-19975,30,24,2465.6594999999998,102.7358125,2564.679120000002,Loyalist,2018-12-01,San Francisco,Office Supplies
DE-13255,719,9,2550.874,283.43044444444445,2556.284156000002,Loyalist,2017-01-11,Springfield,Office Supplies
AC-10615,7,18,2537.6859999999997,140.98255555555554,2556.0598319999963,Loyalist,2018-12-24,New York City,Office Supplies
CM-12160,27,7,2533.314,361.902,2548.119930000003,Loyalist,2018-12-04,Brownsville,Office Supplies
FM-14380,146,14,2523.266,180.23328571428573,2542.8421700000017,Loyalist,2018-08-07,Aurora,Office Supplies
HF-14995,22,19,2533.1639999999998,133.32442105263158,2539.087985999997,Loyalist,2018-12-09,Indianapolis,Office Supplies
BT-11305,337,9,2567.656,285.2951111111111,2537.8009940000006,Loyalist,2018-01-28,Costa Mesa,Furniture
JS-16030,29,18,2516.494,139.80522222222223,2536.7799760000016,Loyalist,2018-12-02,Houston,Office Supplies
CC-12610,35,12,2540.631,211.71925,2534.8599899999977,Loyalist,2018-11-26,Philadelphia,Office Supplies
NH-18610,190,9,2518.6659999999997,279.8517777777777,2523.359749999998,Loyalist,2018-06-24,Irving,Office Supplies
EM-13810,133,7,2567.0099999999998,366.7157142857142,2522.326180000003,Loyalist,2018-08-20,Los Angeles,Furniture
AH-10465,231,8,2495.3916,311.92395,2519.556774000001,Loyalist,2018-05-14,New York City,Office Supplies
GZ-14545,158,5,2454.6220000000003,490.92440000000005,2518.2689600000017,Loyalist,2018-07-26,Lawrence,Office Supplies
NZ-18565,86,20,2488.31,124.4155,2513.6862989999986,Loyalist,2018-10-06,Columbus,Office Supplies
JB-16045,8,9,2518.115,279.79055555555556,2501.175809999997,Loyalist,2018-12-23,Columbus,Office Supplies
DJ-13510,49,13,2501.6879999999996,192.43753846153842,2500.399515000003,Loyalist,2018-11-12,Murfreesboro,Office Supplies
FM-14215,8,15,2456.638,163.77586666666667,2485.5226600000033,Loyalist,2018-12-23,Dublin,Office Supplies
MN-17935,35,10,2477.946,247.7946,2477.9378959999976,Loyalist,2018-11-26,Dallas,Office Supplies
NC-18340,225,17,2461.404,144.7884705882353,2474.089182000003,Loyalist,2018-05-20,Lansing,Office Supplies
DB-12970,242,10,2469.6672,246.96671999999998,2468.358001999997,Loyalist,2018-05-03,Los Angeles,Office Supplies
CC-12145,107,11,2471.65,224.69545454545457,2466.626739999998,Loyalist,2018-09-15,Los Angeles,Office Supplies
BP-11095,18,20,2442.044,122.1022,2465.756213999998,Loyalist,2018-12-13,Peoria,Office Supplies
PO-18865,1,13,2493.214,191.7856923076923,2461.180110000003,Loyalist,2018-12-30,Westland,Office Supplies
BS-11590,36,10,2454.928,245.4928,2459.521294000003,Loyalist,2018-11-25,Gilbert,Office Supplies
LL-16840,250,10,2454.554,245.4554,2456.571590000002,Loyalist,2018-04-25,Rochester,Office Supplies
BE-11410,99,5,2261.438,452.2876,2456.484970000001,Loyalist,2018-09-23,Lancaster,Office Supplies
MA-17995,187,12,2453.284,204.44033333333334,2452.5504200000014,Loyalist,2018-06-27,Watertown,Office Supplies
BP-11290,13,16,2475.157,154.6973125,2437.8099000000034,Loyalist,2018-12-18,Evanston,Office Supplies
VM-21685,55,12,2454.866,204.57216666666667,2435.9532500000023,Loyalist,2018-11-06,Westfield,Office Supplies
MC-17590,52,17,2426.067,142.70982352941178,2432.602200000003,Loyalist,2018-11-09,Perth Amboy,Office Supplies
RF-19735,90,14,2341.2960000000003,167.2354285714286,2412.053954000002,Loyalist,2018-10-02,Trenton,Office Supplies
TH-21100,345,7,2422.824,346.11771428571427,2399.4739399999976,Loyalist,2018-01-20,Los Angeles,Office Supplies
LC-16870,28,30,2580.7039999999997,86.02346666666666,2396.2619299999988,Loyalist,2018-12-03,Aurora,Office Supplies
CK-12595,44,25,2372.75,94.91,2370.93703,Loyalist,2018-11-17,Grove City,Office Supplies
CV-12805,6,19,2370.3136,124.75334736842105,2361.564173999998,Loyalist,2018-12-25,New York City,Office Supplies
JG-15115,758,7,2358.676,336.9537142857143,2361.4646200000025,Loyalist,2016-12-03,Des Moines,Technology
NR-18550,211,13,2367.277,182.09823076923078,2360.612200000002,Loyalist,2018-06-03,Aurora,Office Supplies
MK-17905,29,17,2302.368,135.43341176470588,2349.8730099999975,Loyalist,2018-12-02,Manchester,Office Supplies
CL-12700,261,7,2335.586,333.65514285714283,2348.9279760000013,Loyalist,2018-04-14,Springfield,Office Supplies
CM-12235,386,8,2305.712,288.214,2337.962284,Loyalist,2017-12-10,Carrollton,Office Supplies
JF-15415,3,13,2309.432,177.64861538461537,2332.1970700000006,Loyalist,2018-12-28,New York City,Office Supplies
EM-13825,56,16,2339.598,146.224875,2329.3261199999997,Loyalist,2018-11-05,Sioux Falls,Office Supplies
DB-13210,10,21,2332.577,111.07509523809524,2318.9870589999987,Loyalist,2018-12-21,Houston,Office Supplies
MG-17680,93,10,2350.188,235.0188,2317.5977839999973,Loyalist,2018-09-29,Newark,Furniture
DF-13135,700,6,2390.534,398.42233333333337,2295.0500600000028,Loyalist,2017-01-30,Vallejo,Office Supplies
LH-16900,22,15,2295.332,153.02213333333333,2285.121089999998,Loyalist,2018-12-09,Dover,Technology
MC-17605,113,18,2258.192,125.45511111111111,2284.0687840000023,Loyalist,2018-09-09,Detroit,Office Supplies
CC-12670,30,14,2269.7015,162.12153571428573,2282.670814999999,Loyalist,2018-12-01,New York City,Office Supplies
FH-14350,213,14,2271.284,162.23457142857143,2278.648655000002,Loyalist,2018-06-01,Seattle,Office Supplies
KM-16225,15,19,2260.958,118.99778947368422,2272.405964000003,Loyalist,2018-12-16,New York City,Office Supplies
JF-15190,66,18,2239.606,124.42255555555556,2266.91829,Loyalist,2018-10-26,Los Angeles,Office Supplies
JH-16180,405,5,2256.3940000000002,451.27880000000005,2263.1476000000002,Loyalist,2017-11-21,Pueblo,Furniture
GG-14650,44,24,2224.0,92.66666666666667,2258.137505,Loyalist,2018-11-17,Bristol,Office Supplies
TS-21505,12,14,2243.274,160.23385714285715,2255.9136700000026,Loyalist,2018-12-19,Columbia,Office Supplies
LW-16825,89,15,2238.061,149.20406666666668,2252.3849399999963,Loyalist,2018-10-03,Deltona,Office Supplies
DP-13105,7,14,2215.002,158.21442857142856,2252.1820200000016,Loyalist,2018-12-24,Salinas,Office Supplies
NC-18415,42,14,2218.9900000000002,158.49928571428572,2244.401544999998,Loyalist,2018-11-19,Jacksonville,Office Supplies
KN-16390,20,15,2224.0860000000002,148.2724,2235.4981300000004,Loyalist,2018-12-11,Los Angeles,Technology
EN-13780,288,9,2199.366,244.374,2234.368388000002,Loyalist,2018-03-18,New York City,Office Supplies
AR-10405,126,7,2236.128,319.44685714285714,2233.0478000000007,Loyalist,2018-08-27,Franklin,Furniture
MC-18100,42,19,2218.98,116.78842105263158,2223.3118550000027,Loyalist,2018-11-19,El Paso,Office Supplies
PS-18760,108,21,2181.479,103.87995238095237,2218.121744999999,At Risk,2018-09-14,Los Angeles,Office Supplies
EJ-13720,303,8,2162.174,270.27175,2216.5436519999994,At Risk,2018-03-03,San Diego,Office Supplies
JG-15310,3,11,2240.58,203.6890909090909,2216.5398899999964,At Risk,2018-12-28,Providence,Office Supplies
MY-17380,30,13,2254.285,173.40653846153845,2213.029133000002,At Risk,2018-12-01,Parker,Office Supplies
PF-19225,115,10,2206.1279999999997,220.61279999999996,2201.1871399999986,At Risk,2018-09-07,San Francisco,Office Supplies
JL-15235,120,10,2203.7,220.36999999999998,2199.9050000000007,At Risk,2018-09-02,Chicago,Office Supplies
JR-16210,34,10,2201.686,220.16860000000003,2193.6716299999957,At Risk,2018-11-27,Springfield,Office Supplies
GW-14605,29,9,2189.019,243.2243333333333,2191.05467,At Risk,2018-12-02,Seattle,Office Supplies
KN-16450,53,8,2171.962,271.49525,2188.9678839999997,At Risk,2018-11-08,Jacksonville,Office Supplies
BT-11395,303,10,2186.6130000000003,218.66130000000004,2185.177290000002,At Risk,2018-03-03,Detroit,Office Supplies
TS-21160,505,17,2163.6240000000003,127.27200000000002,2178.7591660000026,At Risk,2017-08-13,Toledo,Office Supplies
HA-14905,70,10,2163.3,216.33,2173.6218499999973,At Risk,2018-10-22,New York City,Office Supplies
TB-21280,584,11,2198.45,199.8590909090909,2173.132340000001,At Risk,2017-05-26,Washington,Office Supplies
MH-17455,171,9,2146.694,238.52155555555555,2172.0047299999987,At Risk,2018-07-13,Jacksonville,Furniture
SH-20395,24,15,2180.718,145.38119999999998,2169.318633999997,At Risk,2018-12-07,Arlington,Office Supplies
NM-18520,245,15,2161.979,144.1319333333333,2167.721349999999,At Risk,2018-04-30,Riverside,Office Supplies
JK-15370,45,16,2136.458,133.528625,2165.562610000002,At Risk,2018-11-16,Long Beach,Office Supplies
CR-12580,58,6,2148.852,358.142,2159.8560800000037,At Risk,2018-11-03,Elmhurst,Office Supplies
MH-17785,99,11,2203.7780000000002,200.34345454545456,2159.695379999998,At Risk,2018-09-23,Lindenhurst,Office Supplies
JD-15790,118,7,2152.352,307.4788571428571,2158.594380000003,At Risk,2018-09-04,Coppell,Office Supplies
JR-15700,69,1,863.88,863.88,2153.815140000001,At Risk,2018-10-23,Jacksonville,Technology
DB-12910,22,12,2171.599,180.96658333333335,2137.564239999998,At Risk,2018-12-09,Tampa,Office Supplies
KC-16255,408,10,2120.954,212.0954,2127.9344499999993,At Risk,2017-11-18,San Francisco,Office Supplies
DN-13690,218,11,2139.79,194.52636363636364,2122.04924,At Risk,2018-05-27,San Francisco,Furniture
LC-17050,55,9,2095.064,232.78488888888887,2113.954090000001,At Risk,2018-11-06,Mission Viejo,Furniture
TG-21640,115,10,2074.661,207.4661,2109.881959999999,At Risk,2018-09-07,Long Beach,Office Supplies
RP-19855,29,14,2055.356,146.81114285714287,2103.729425999999,At Risk,2018-12-02,Kenosha,Office Supplies
TS-21430,173,7,2054.14,293.4485714285714,2096.997020000004,At Risk,2018-07-11,Los Angeles,Furniture
RH-19600,535,11,2085.7400000000002,189.61272727272728,2088.406379999999,At Risk,2017-07-14,Huntsville,Office Supplies
XP-21865,44,28,2374.658,84.80921428571428,2078.1028699999993,At Risk,2018-11-17,San Diego,Office Supplies
RB-19705,55,7,2067.45,295.34999999999997,2075.0154200000025,At Risk,2018-11-06,Portland,Office Supplies
CD-11920,41,9,2033.968,225.99644444444445,2063.071619999997,At Risk,2018-11-20,Lake Elsinore,Office Supplies
AF-10870,42,16,2052.908,128.30675,2060.7293699999996,At Risk,2018-11-19,College Station,Office Supplies
PC-18745,3,5,1832.064,366.4128,2026.7271000000019,At Risk,2018-12-28,San Francisco,Office Supplies
LD-17005,415,7,1961.934,280.27628571428573,2026.0447960000008,At Risk,2017-11-11,San Francisco,Office Supplies
NB-18655,20,17,1972.599,116.03523529411764,2019.8743699999968,At Risk,2018-12-11,Dallas,Office Supplies
SG-20470,184,14,1884.798,134.62842857142857,2017.207190000001,At Risk,2018-06-30,New York City,Office Supplies
PG-18895,58,17,1987.164,116.892,2015.4302499999976,At Risk,2018-11-03,Rochester,Office Supplies
DJ-13420,638,5,2012.52,402.504,2014.8002999999992,At Risk,2017-04-02,Warner Robins,Furniture
NF-18595,115,12,2031.472,169.28933333333333,2007.1454600000015,At Risk,2018-09-07,New York City,Office Supplies
VB-21745,55,10,2005.596,200.5596,2003.3036999999977,At Risk,2018-11-06,Columbus,Office Supplies
CY-12745,61,10,2004.0819999999999,200.4082,1999.1328399999977,At Risk,2018-10-31,Oakland,Office Supplies
GD-14590,6,6,1888.07,314.67833333333334,1994.821560000004,At Risk,2018-12-25,Philadelphia,Office Supplies
DB-13615,34,11,1989.05,180.82272727272726,1993.6293299999973,At Risk,2018-11-27,Los Angeles,Office Supplies
HP-14815,31,10,1990.314,199.03140000000002,1988.582460000001,At Risk,2018-11-30,Fort Worth,Office Supplies
KN-16705,99,12,2003.01,166.9175,1973.5529800000015,At Risk,2018-09-23,Fort Collins,Office Supplies
SW-20275,31,7,1966.65,280.95,1970.8842299999983,At Risk,2018-11-30,Jackson,Office Supplies
ML-17755,30,13,2071.9139999999998,159.378,1966.8412190000004,At Risk,2018-12-01,Suffolk,Office Supplies
TP-21565,351,10,1936.6399999999999,193.664,1943.4300349999996,At Risk,2018-01-14,Aurora,Office Supplies
CB-12415,27,12,1949.2,162.43333333333334,1929.3293180000014,At Risk,2018-12-04,Columbus,Office Supplies
BG-11695,37,8,1874.172,234.2715,1921.9351299999983,At Risk,2018-11-24,Cincinnati,Office Supplies
JO-15280,93,11,1934.272,175.84290909090907,1919.804099999998,At Risk,2018-09-29,Los Angeles,Office Supplies
SP-20650,387,15,1872.4360000000001,124.82906666666668,1909.2902599999995,At Risk,2017-12-09,San Jose,Office Supplies
ME-17725,29,13,1908.4532,146.80409230769231,1902.010138999999,At Risk,2018-12-02,Aurora,Office Supplies
KD-16345,42,10,1888.964,188.8964,1901.8256000000024,At Risk,2018-11-19,San Francisco,Office Supplies
JF-15355,106,16,1911.844,119.49025,1899.0446059999986,At Risk,2018-09-16,Austin,Office Supplies
SC-20440,37,10,1874.998,187.4998,1893.3340649999996,At Risk,2018-11-24,Aurora,Office Supplies
NG-18355,49,16,1869.58,116.84875,1879.4434399999977,At Risk,2018-11-12,New York City,Office Supplies
SV-20935,3,13,1903.491,146.4223846153846,1877.884328,At Risk,2018-12-28,New York City,Office Supplies
LR-17035,133,12,1879.306,156.60883333333334,1862.123214000002,At Risk,2018-08-20,Philadelphia,Office Supplies
EG-13900,23,9,1832.02,203.55777777777777,1859.6426999999978,At Risk,2018-12-08,Oceanside,Office Supplies
CD-12790,400,15,1860.732,124.0488,1857.1229400000002,At Risk,2017-11-26,San Diego,Office Supplies
SN-20560,112,15,1860.418,124.02786666666665,1856.4245200000016,At Risk,2018-09-10,Los Angeles,Office Supplies
DS-13030,94,19,1762.213,92.74805263157894,1851.3712950000015,At Risk,2018-09-28,Seattle,Office Supplies
RB-19435,42,13,1864.156,143.3966153846154,1847.953289999999,At Risk,2018-11-19,Saint Louis,Office Supplies
LH-17155,386,19,1739.689,91.56257894736842,1843.8735500000016,At Risk,2017-12-10,San Francisco,Office Supplies
PR-18880,37,12,1840.178,153.34816666666669,1836.982082000003,At Risk,2018-11-24,Oakland,Furniture
AJ-10945,122,9,1829.896,203.32177777777778,1830.6557349999991,At Risk,2018-08-31,Wilmington,Office Supplies
NC-18625,205,9,1821.742,202.41577777777778,1825.7666549999985,At Risk,2018-06-09,Aurora,Office Supplies
AA-10480,260,12,1790.5120000000002,149.20933333333335,1788.5486360000007,At Risk,2018-04-15,Concord,Office Supplies
JM-15265,38,13,1804.146,138.78046153846154,1780.312821999999,At Risk,2018-11-23,New York City,Office Supplies
MF-18250,8,12,1758.3,146.525,1768.9786319999987,At Risk,2018-12-23,Los Angeles,Office Supplies
BW-11200,204,10,1738.406,173.8406,1765.221179999999,At Risk,2018-06-10,Boynton Beach,Office Supplies
DB-13405,188,14,1711.692,122.26371428571429,1756.1849700000012,At Risk,2018-06-26,La Porte,Office Supplies
JM-15535,103,10,1733.443,173.3443,1747.4290599999993,At Risk,2018-09-19,Philadelphia,Furniture
JB-15400,8,16,1791.605,111.9753125,1740.5059999999985,At Risk,2018-12-23,Chicago,Office Supplies
TZ-21580,36,9,1707.286,189.69844444444445,1734.528674999997,At Risk,2018-11-25,Louisville,Office Supplies
VT-21700,1000,9,1736.596,192.9551111111111,1728.4009699999986,At Risk,2016-04-05,Philadelphia,Office Supplies
AH-10030,13,11,1744.7,158.60909090909092,1727.283510000001,At Risk,2018-12-18,Philadelphia,Office Supplies
MV-18190,20,11,1734.574,157.68854545454545,1718.837319999998,At Risk,2018-12-11,New York City,Office Supplies
RA-19945,62,9,1686.9225,187.43583333333333,1703.7603849999975,At Risk,2018-10-30,Murrieta,Office Supplies
EB-13975,1,6,1643.255,273.87583333333333,1702.568180000002,At Risk,2018-12-30,Fairfield,Office Supplies
JP-16135,103,13,1707.71,131.3623076923077,1700.6868139999995,At Risk,2018-09-19,Columbus,Office Supplies
MH-17290,295,10,1691.505,169.15050000000002,1698.8659800000012,At Risk,2018-03-11,Los Angeles,Office Supplies
CR-12730,79,6,1600.55,266.7583333333333,1692.3414500000013,At Risk,2018-10-13,Columbus,Office Supplies
PK-18910,484,3,1441.152,480.384,1690.2710300000006,At Risk,2017-09-03,Philadelphia,Office Supplies
CC-12100,458,12,1685.889,140.49075,1687.6962199999982,At Risk,2017-09-29,Columbus,Office Supplies
BP-11155,90,11,1697.8609999999999,154.351,1673.5308300000013,At Risk,2018-10-02,Columbus,Office Supplies
CA-12055,402,10,1679.7240000000002,167.97240000000002,1672.8767199999995,At Risk,2017-11-24,Houston,Office Supplies
AH-10120,61,16,1735.5140000000001,108.46962500000001,1667.5994499999986,At Risk,2018-10-31,Tucson,Office Supplies
CM-11815,132,10,1673.888,167.3888,1657.2133500000023,At Risk,2018-08-21,Pasadena,Office Supplies
CM-12115,9,7,1661.6100000000001,237.37285714285716,1655.771419999998,At Risk,2018-12-22,New York City,Technology
JP-15460,38,15,1669.135,111.27566666666667,1654.3929999999991,At Risk,2018-11-23,Oceanside,Office Supplies
DK-12985,8,8,1687.04,210.88,1653.322197999999,At Risk,2018-12-23,Henderson,Office Supplies
PJ-19015,135,7,1677.536,239.648,1646.5041559999984,At Risk,2018-08-18,Santa Ana,Furniture
CC-12475,40,13,1659.438,127.64907692307693,1646.3854199999978,At Risk,2018-11-21,New York City,Office Supplies
MO-17800,105,11,1687.0269999999998,153.3660909090909,1643.5842200000009,At Risk,2018-09-17,New York City,Furniture
TB-21250,350,19,1602.376,84.33557894736842,1635.165159999999,At Risk,2018-01-15,New York City,Office Supplies
MS-17710,414,15,1613.402,107.56013333333334,1590.8684700000003,At Risk,2017-11-12,Mesa,Office Supplies
CK-12760,83,14,1582.109,113.0077857142857,1588.1559399999983,At Risk,2018-10-09,Linden,Office Supplies
JL-15175,7,7,1571.523,224.5032857142857,1587.6930539999985,At Risk,2018-12-24,Columbia,Office Supplies
MC-18130,370,11,1581.9979999999998,143.81799999999998,1574.1987700000013,At Risk,2017-12-26,Monroe,Office Supplies
KB-16315,297,22,1569.464,71.33927272727273,1571.236180000002,At Risk,2018-03-09,Minneapolis,Office Supplies
ON-18715,411,15,1567.52,104.50133333333333,1568.9517499999995,At Risk,2017-11-15,Eagan,Office Supplies
MV-17485,28,15,1560.05,104.00333333333333,1548.6989,At Risk,2018-12-03,Arlington,Office Supplies
AH-10195,56,8,1587.452,198.4315,1546.6982649999982,At Risk,2018-11-05,Tamarac,Office Supplies
BF-11215,66,8,1585.162,198.14525,1546.6319399999986,At Risk,2018-10-26,Albuquerque,Office Supplies
GB-14530,63,20,1568.44,78.422,1546.4713900000008,At Risk,2018-10-29,Auburn,Office Supplies
GH-14485,388,3,1361.2440000000001,453.74800000000005,1542.739020000001,At Risk,2017-12-08,Richardson,Furniture
MB-17305,49,19,1548.702,81.51063157894737,1539.0439200000008,At Risk,2018-11-12,Akron,Office Supplies
BD-11725,94,10,1526.5,152.65,1533.5513300000002,At Risk,2018-09-28,Richmond,Furniture
AZ-10750,161,12,1622.0179999999998,135.16816666666665,1532.4796859999997,At Risk,2018-07-23,New York City,Office Supplies
BV-11245,335,14,1523.2730000000001,108.8052142857143,1531.661017999999,At Risk,2018-01-30,Des Moines,Office Supplies
JG-15805,224,9,1507.018,167.44644444444444,1527.34103,At Risk,2018-05-21,New York City,Office Supplies
ZD-21925,203,9,1493.944,165.99377777777778,1509.2040300000006,At Risk,2018-06-11,San Francisco,Office Supplies
BD-11620,70,8,1538.11,192.26375,1492.9335379999993,At Risk,2018-10-22,San Francisco,Office Supplies
CH-12070,691,4,1537.236,384.309,1491.085220000001,At Risk,2017-02-08,Raleigh,Office Supplies
CM-12190,9,7,1475.144,210.73485714285715,1484.7840599999995,At Risk,2018-12-22,Philadelphia,Office Supplies
KA-16525,37,11,1519.506,138.13690909090909,1483.749431999998,At Risk,2018-11-24,Ontario,Office Supplies
AB-10600,51,8,1515.862,189.48275,1483.6426749999994,At Risk,2018-11-10,Tucson,Office Supplies
LE-16810,22,9,1469.45,163.27222222222224,1480.2429299999992,At Risk,2018-12-09,Whittier,Office Supplies
BN-11515,10,17,1459.344,85.84376470588235,1475.0054899999998,At Risk,2018-12-21,Los Angeles,Office Supplies
DL-13315,23,17,1458.258,85.77988235294117,1473.8976500000003,At Risk,2018-12-08,New York City,Office Supplies
RM-19375,346,9,1453.474,161.4971111111111,1473.5410499999996,At Risk,2018-01-19,Houston,Office Supplies
AG-10525,845,9,1455.038,161.6708888888889,1471.7583299999997,At Risk,2016-09-07,Saint Petersburg,Office Supplies
TB-21055,120,17,1451.361,85.37417647058824,1461.2893700000016,At Risk,2018-09-02,Troy,Office Supplies
PB-19150,98,11,1456.95,132.45000000000002,1448.4699199999998,At Risk,2018-09-24,Los Angeles,Office Supplies
TD-20995,38,16,1434.5480000000002,89.65925000000001,1446.5558199999991,At Risk,2018-11-23,Lowell,Office Supplies
MB-18085,45,10,1428.231,142.8231,1445.1729099999993,At Risk,2018-11-16,Vineland,Office Supplies
NL-18310,59,10,1418.0900000000001,141.80900000000003,1438.4853499999986,At Risk,2018-11-02,Los Angeles,Office Supplies
AG-10495,79,14,1419.247,101.37478571428572,1435.0124850000016,At Risk,2018-10-13,Philadelphia,Office Supplies
RK-19300,120,8,1460.192,182.524,1431.7960339999993,At Risk,2018-09-02,Philadelphia,Office Supplies
KE-16420,27,12,1453.2812000000001,121.10676666666667,1429.1872259999986,At Risk,2018-12-04,Bristol,Office Supplies
RD-19720,22,20,1419.737,70.98685,1427.0634899999998,At Risk,2018-12-09,Daytona Beach,Office Supplies
CA-12310,14,11,1421.954,129.26854545454546,1427.049781999999,At Risk,2018-12-17,Cincinnati,Office Supplies
TT-21220,184,15,1427.0439999999999,95.13626666666666,1423.0316699999994,At Risk,2018-06-30,Houston,Office Supplies
GA-14725,6,22,1398.382,63.56281818181819,1419.6322499999994,At Risk,2018-12-25,Lorain,Office Supplies
PN-18775,31,13,1467.152,112.85784615384615,1408.9479669999994,At Risk,2018-11-30,New York City,Office Supplies
NG-18430,49,9,1395.9379999999999,155.1042222222222,1408.862769999998,At Risk,2018-11-12,Cincinnati,Office Supplies
CR-12820,86,7,1397.8724,199.69605714285714,1404.7672459999978,At Risk,2018-10-06,New York City,Office Supplies
DM-13525,482,10,1376.792,137.67919999999998,1393.3914900000007,At Risk,2017-09-05,Houston,Office Supplies
FG-14260,35,11,1383.144,125.74036363636364,1392.1790759999994,At Risk,2018-11-26,San Francisco,Office Supplies
SS-20140,16,21,1324.028,63.04895238095238,1391.1667799999998,At Risk,2018-12-15,Warwick,Office Supplies
JW-16075,462,7,1428.731,204.10442857142857,1390.944372,At Risk,2017-09-25,Philadelphia,Office Supplies
SP-20545,328,10,1306.086,130.6086,1374.4196960000004,At Risk,2018-02-06,New York City,Office Supplies
JS-15595,120,8,1417.654,177.20675,1371.205559999999,At Risk,2018-09-02,Los Angeles,Office Supplies
JE-15475,194,13,1388.682,106.8216923076923,1355.4213880000007,At Risk,2018-06-20,Troy,Office Supplies
BM-11785,219,14,1338.842,95.63157142857143,1354.609380000001,At Risk,2018-05-26,Columbus,Office Supplies
DM-12955,115,9,1322.034,146.89266666666668,1353.59989,At Risk,2018-09-07,Lincoln Park,Office Supplies
SB-20170,202,7,1348.02,192.5742857142857,1349.6512320000004,At Risk,2018-06-12,New York City,Office Supplies
MM-17260,169,6,1314.023,219.00383333333332,1349.4976100000003,At Risk,2018-07-15,Wilmington,Furniture
LM-17065,392,7,1346.774,192.3962857142857,1345.4527800000017,At Risk,2017-12-04,Springfield,Office Supplies
BF-11005,40,10,1333.88,133.388,1337.4789500000009,At Risk,2018-11-21,Pasadena,Office Supplies
SJ-20215,30,10,1341.036,134.1036,1335.8912899999987,At Risk,2018-12-01,Grand Prairie,Furniture
SJ-20500,254,7,1318.776,188.39657142857143,1333.013724,At Risk,2018-04-21,Houston,Office Supplies
MG-17695,556,7,1342.282,191.7545714285714,1331.4850100000021,At Risk,2017-06-23,Buffalo,Office Supplies
MT-18070,204,11,1319.4498,119.94998181818183,1305.9955900000011,At Risk,2018-06-10,Los Angeles,Office Supplies
MC-17575,28,11,1303.893,118.53572727272727,1301.912077999999,At Risk,2018-12-03,Cincinnati,Office Supplies
Co-12640,550,8,1300.076,162.5095,1294.0682000000002,At Risk,2017-06-29,Philadelphia,Office Supplies
DO-13435,134,13,1300.0315,100.00242307692308,1286.5239699999993,At Risk,2018-08-19,Pembroke Pines,Office Supplies
CL-11890,107,7,1262.0140000000001,180.28771428571432,1275.9817439999988,At Risk,2018-09-15,Everett,Office Supplies
LW-17125,206,5,1259.04,251.808,1272.563509999998,At Risk,2018-06-08,Norwich,Furniture
DO-13645,27,11,1267.316,115.21054545454545,1269.4497520000014,At Risk,2018-12-04,Los Angeles,Office Supplies
CS-11845,92,8,1278.954,159.86925,1268.8247299999994,At Risk,2018-09-30,Seattle,Office Supplies
SV-20815,77,6,1271.0900000000001,211.84833333333336,1265.9536239999989,At Risk,2018-10-15,Houston,Office Supplies
SC-20680,127,8,1254.64,156.83,1263.6182399999996,At Risk,2018-08-26,Columbus,Office Supplies
PS-18970,70,13,1278.639,98.35684615384615,1262.3244649999988,At Risk,2018-10-22,Chicago,Office Supplies
JR-15670,594,3,1156.658,385.55266666666665,1259.562719999999,At Risk,2017-05-16,Middletown,Office Supplies
MG-17875,117,7,1242.8329999999999,177.54757142857142,1256.410563999999,At Risk,2018-09-05,New York City,Office Supplies
TC-21475,154,11,1244.976,113.17963636363638,1256.043072999999,At Risk,2018-07-30,Columbus,Office Supplies
GM-14500,107,13,1255.682,96.59092307692308,1250.9152550000001,At Risk,2018-09-15,Providence,Office Supplies
GR-14560,1136,5,1284.38,256.87600000000003,1250.5953699999989,At Risk,2015-11-21,San Francisco,Office Supplies
PM-18940,387,4,1405.402,351.3505,1234.8603199999995,At Risk,2017-12-09,Jackson,Furniture
ME-18010,93,6,1256.944,209.49066666666667,1233.7023440000014,At Risk,2018-09-29,San Francisco,Office Supplies
MH-17620,156,6,1252.8,208.79999999999998,1229.8632800000012,At Risk,2018-07-28,San Francisco,Office Supplies
ER-13855,422,5,1245.788,249.1576,1226.29308,At Risk,2017-11-04,Saint Paul,Office Supplies
DW-13585,243,10,1204.854,120.4854,1216.8163360000015,At Risk,2018-05-02,Columbus,Office Supplies
TB-21595,286,5,1240.871,248.1742,1213.8486099999996,At Risk,2018-03-20,Columbus,Furniture
PJ-18835,40,13,1220.09,93.85307692307691,1210.0521399999986,At Risk,2018-11-21,Murfreesboro,Office Supplies
EH-14005,3,11,1219.53,110.86636363636363,1203.3242399999995,At Risk,2018-12-28,Denver,Office Supplies
CD-12280,43,13,1205.584,92.73723076923078,1202.8413000000007,At Risk,2018-11-18,Seattle,Office Supplies
EK-13795,45,4,1303.478,325.8695,1195.7407199999998,At Risk,2018-11-16,Santa Ana,Office Supplies
MD-17860,37,8,1204.91,150.61375,1194.791570000002,At Risk,2018-11-24,Indianapolis,Office Supplies
EB-14170,83,7,1186.326,169.47514285714286,1191.9500500000004,At Risk,2018-10-09,Wilmington,Office Supplies
BP-11230,40,6,1181.49,196.915,1188.5061240000007,At Risk,2018-11-21,Spokane,Furniture
JL-15130,9,12,1214.956,101.24633333333333,1178.2750700000013,At Risk,2018-12-22,Houston,Office Supplies
CG-12520,339,5,1148.7800000000002,229.75600000000003,1174.8893899999994,At Risk,2018-01-26,Henderson,Furniture
DB-13660,13,10,1155.202,115.5202,1172.7328099999997,At Risk,2018-12-18,Oceanside,Office Supplies
DC-13285,24,7,1174.618,167.8025714285714,1170.7074700000012,At Risk,2018-12-07,Cottage Grove,Office Supplies
AB-10165,26,14,1113.838,79.55985714285714,1169.0480700000016,At Risk,2018-12-05,Los Angeles,Office Supplies
NP-18685,407,6,1164.73,194.12166666666667,1163.0057099999997,At Risk,2017-11-19,Niagara Falls,Office Supplies
DP-13165,812,4,1058.616,264.654,1161.5644999999988,At Risk,2016-10-10,New York City,Office Supplies
RD-19810,15,16,1137.616,71.101,1161.1830499999992,At Risk,2018-12-16,Los Angeles,Office Supplies
AT-10435,22,8,1166.0720000000001,145.75900000000001,1150.5286600000006,At Risk,2018-12-09,Los Angeles,Office Supplies
KC-16675,58,7,1146.05,163.72142857142856,1147.5021600000014,At Risk,2018-11-03,Seattle,Office Supplies
PC-19000,882,3,1061.488,353.82933333333335,1144.9907799999999,At Risk,2016-08-01,Los Angeles,Office Supplies
CW-11905,23,11,1136.592,103.32654545454547,1136.241190000001,At Risk,2018-12-08,Huntsville,Office Supplies
DV-13045,20,9,1119.483,124.387,1127.9419239999982,At Risk,2018-12-11,Los Angeles,Furniture
TM-21490,131,4,1094.6779999999999,273.66949999999997,1121.7093999999993,At Risk,2018-08-22,Oklahoma City,Furniture
JO-15550,216,11,1090.838,99.1670909090909,1107.7890890000012,At Risk,2018-05-29,Chester,Office Supplies
DW-13195,70,9,1080.751,120.08344444444444,1105.017217999999,At Risk,2018-10-22,Houston,Furniture
SW-20245,82,10,1085.078,108.5078,1096.4083649999989,At Risk,2018-10-10,Stockton,Office Supplies
DB-13360,265,6,1081.466,180.24433333333332,1086.13314,At Risk,2018-04-10,New York City,Office Supplies
AR-10345,112,5,1055.694,211.1388,1076.580290000001,At Risk,2018-09-10,Lawrence,Furniture
TC-21145,107,4,1038.26,259.565,1074.7594999999988,At Risk,2018-09-15,Lakewood,Furniture
AA-10375,20,15,1056.39,70.426,1070.9764099999995,At Risk,2018-12-11,Mesa,Office Supplies
JC-15385,176,4,1058.108,264.527,1070.9446399999981,At Risk,2018-07-08,Kent,Office Supplies
LS-17200,97,14,1010.2560000000001,72.16114285714286,1059.8834400000003,At Risk,2018-09-25,Skokie,Office Supplies
JW-15955,6,10,1049.2379999999998,104.92379999999999,1054.6631099999988,At Risk,2018-12-25,Oakland,Office Supplies
DH-13675,776,11,1043.096,94.8269090909091,1051.499062000001,At Risk,2016-11-15,Quincy,Office Supplies
PO-19195,87,10,1056.858,105.6858,1049.4380749999996,At Risk,2018-10-05,Naperville,Office Supplies
MK-18160,241,11,1031.602,93.78200000000001,1044.1156910000004,At Risk,2018-05-04,Jacksonville,Office Supplies
EM-14095,114,10,1041.0420000000001,104.10420000000002,1041.6711750000004,At Risk,2018-09-08,Los Angeles,Office Supplies
BG-11740,58,7,1006.356,143.76514285714285,1040.83896,At Risk,2018-11-03,Philadelphia,Furniture
VS-21820,222,8,1055.981,131.997625,1026.08522,At Risk,2018-05-23,Los Angeles,Office Supplies
RB-19330,69,6,1008.1959999999999,168.03266666666664,1025.3845499999984,At Risk,2018-10-23,Philadelphia,Office Supplies
VP-21730,31,5,993.9019999999999,198.7804,1020.4216700000007,At Risk,2018-11-30,Las Vegas,Office Supplies
SW-20350,163,6,1019.044,169.84066666666666,1016.0327699999987,At Risk,2018-07-21,Detroit,Office Supplies
TH-21235,118,13,1022.201,78.63084615384615,1013.7326720000004,At Risk,2018-09-04,Dallas,Office Supplies
SM-20905,607,6,1043.041,173.84016666666665,1006.6567299999988,At Risk,2017-05-03,Newark,Technology
LS-17245,35,12,1008.1360000000001,84.01133333333334,1001.7690819999998,At Risk,2018-11-26,Gladstone,Office Supplies
BP-11050,84,7,983.42,140.48857142857142,995.7489199999991,At Risk,2018-10-08,Cranston,Office Supplies
KB-16600,2,9,983.922,109.32466666666667,990.8293400000002,At Risk,2018-12-29,Houston,Office Supplies
JS-15685,43,9,990.1959999999999,110.02177777777777,990.0790699999991,At Risk,2018-11-18,Los Angeles,Office Supplies
HR-14770,14,5,940.588,188.11759999999998,981.2391700000007,At Risk,2018-12-17,Los Angeles,Office Supplies
MO-17500,73,5,922.487,184.4974,979.3763800000006,At Risk,2018-10-19,New York City,Furniture
RD-19930,43,10,970.9420000000001,97.09420000000001,972.8918199999993,At Risk,2018-11-18,Austin,Office Supplies
EB-13840,91,7,964.448,137.77828571428572,968.16067,At Risk,2018-10-01,Seattle,Office Supplies
CS-12490,425,8,970.1105,121.2638125,965.95912,At Risk,2017-11-01,Conroe,Office Supplies
EB-13930,162,7,944.6000000000001,134.94285714285715,965.67384,At Risk,2018-07-22,San Francisco,Office Supplies
TS-21340,227,12,974.7819999999999,81.23183333333333,963.0656280000013,At Risk,2018-05-18,Houston,Office Supplies
JF-15295,226,14,955.124,68.22314285714286,962.8877100000002,At Risk,2018-05-19,Seattle,Office Supplies
RC-19825,370,10,966.409,96.6409,959.24365,At Risk,2017-12-26,Chicago,Office Supplies
AC-10420,233,5,925.8,185.16,958.5451100000012,At Risk,2018-05-12,San Francisco,Office Supplies
JH-15910,42,9,959.477,106.60855555555555,957.6308799999991,At Risk,2018-11-19,Los Angeles,Office Supplies
AB-10150,42,12,966.71,80.55916666666667,951.9615880000002,At Risk,2018-11-19,Long Beach,Office Supplies
SK-19990,9,5,883.409,176.6818,948.2773300000001,At Risk,2018-12-22,Fairfield,Office Supplies
SS-20875,121,15,964.636,64.30906666666667,944.3630399999987,At Risk,2018-09-01,Dallas,Office Supplies
BS-11800,266,8,949.4300000000001,118.67875000000001,942.1535049999999,At Risk,2018-04-09,New York City,Office Supplies
RP-19270,497,12,954.6452,79.55376666666668,940.9708239999999,At Risk,2017-08-21,Riverside,Office Supplies
MF-17665,422,8,937.039,117.129875,933.5811300000003,At Risk,2017-11-04,Toledo,Office Supplies
EM-13960,152,6,933.704,155.61733333333333,931.0577999999992,At Risk,2018-08-01,Philadelphia,Office Supplies
EH-14185,106,8,923.884,115.4855,928.8697650000004,At Risk,2018-09-16,Decatur,Office Supplies
AB-10015,416,6,886.156,147.69266666666667,924.0685200000007,At Risk,2017-11-10,Seattle,Office Supplies
AB-10255,167,14,914.5319999999999,65.32371428571427,923.7901100000004,At Risk,2018-07-17,Lorain,Office Supplies
RF-19840,7,10,938.862,93.8862,922.0858799999992,At Risk,2018-12-24,New York City,Office Supplies
HZ-14950,36,6,886.52,147.75333333333333,921.8788000000001,At Risk,2018-11-25,Columbus,Furniture
KD-16615,290,7,907.158,129.594,920.8008549999994,At Risk,2018-03-16,Scottsdale,Office Supplies
PH-18790,71,2,729.648,364.824,914.2053400000008,At Risk,2018-10-21,Lakeland,Furniture
CG-12040,50,9,904.4680000000001,100.49644444444445,911.6078399999992,At Risk,2018-11-11,Philadelphia,Office Supplies
JB-15925,737,8,900.552,112.569,908.3096800000001,At Risk,2016-12-24,Dublin,Office Supplies
KB-16405,118,9,908.821,100.98011111111111,906.5199600000001,At Risk,2018-09-04,Apple Valley,Office Supplies
DP-13000,127,15,897.524,59.83493333333333,901.7585999999997,At Risk,2018-08-26,New Albany,Office Supplies
JF-15490,122,14,890.95,63.63928571428572,900.5566799999988,At Risk,2018-08-31,Seattle,Office Supplies
CS-12130,490,7,884.64,126.37714285714286,892.5532499999998,At Risk,2017-08-28,Los Angeles,Office Supplies
AF-10885,416,7,861.565,123.0807142857143,879.5049150000007,At Risk,2017-11-10,Louisville,Office Supplies
RH-19555,520,3,740.382,246.79399999999998,866.1110799999992,At Risk,2017-07-29,Tallahassee,Office Supplies
MS-17980,27,11,855.116,77.73781818181818,855.5483460000003,At Risk,2018-12-04,Dallas,Office Supplies
JM-15655,9,12,864.947,72.07891666666667,854.3276120000005,At Risk,2018-12-22,Bridgeton,Office Supplies
VF-21715,14,11,847.944,77.08581818181818,853.1804260000007,At Risk,2018-12-17,Columbus,Office Supplies
JC-16105,58,9,858.576,95.39733333333334,849.6832400000001,At Risk,2018-11-03,Durham,Office Supplies
AH-10585,22,5,738.504,147.70080000000002,846.7350599999996,At Risk,2018-12-09,Chicago,Furniture
DK-13150,11,5,797.832,159.5664,844.9128999999994,At Risk,2018-12-20,Decatur,Office Supplies
TB-21355,147,13,834.328,64.17907692307692,843.6733799999995,At Risk,2018-08-06,New York City,Office Supplies
BM-11575,101,10,808.162,80.81620000000001,843.6651599999984,At Risk,2018-09-21,New York City,Furniture
VG-21790,155,8,846.01,105.75125,839.0858499999996,At Risk,2018-07-29,San Diego,Office Supplies
CS-12175,233,8,844.4580000000001,105.55725000000001,836.2638399999996,At Risk,2018-05-12,Columbia,Office Supplies
EH-13990,406,8,825.9499999999999,103.24374999999999,828.7377549999999,At Risk,2017-11-20,Roswell,Office Supplies
EH-13945,218,17,684.1709999999999,40.24535294117646,824.2962600000011,At Risk,2018-05-27,Los Angeles,Office Supplies
TB-21190,50,4,816.1740000000001,204.04350000000002,822.9730799999996,At Risk,2018-11-11,Fayetteville,Furniture
AS-10630,93,12,833.398,69.44983333333333,821.8402100000006,At Risk,2018-09-29,Pasadena,Office Supplies
BF-11275,58,4,791.9899999999999,197.99749999999997,814.8302999999997,At Risk,2018-11-03,Tucson,Office Supplies
ML-18040,80,4,742.082,185.5205,808.7018300000001,At Risk,2018-10-12,Albuquerque,Office Supplies
AM-10360,29,12,814.012,67.83433333333333,804.431390000001,At Risk,2018-12-02,Grand Prairie,Office Supplies
SC-20575,93,6,799.798,133.29966666666667,803.2874599999997,At Risk,2018-09-29,Mishawaka,Office Supplies
HG-14845,55,10,785.628,78.56280000000001,802.3754539999986,At Risk,2018-11-06,Lake Charles,Office Supplies
MC-17635,190,8,795.154,99.39425,794.6245399999996,At Risk,2018-06-24,Saint Louis,Office Supplies
MG-17890,100,13,776.384,59.72184615384616,790.0166399999999,At Risk,2018-09-22,Clinton,Office Supplies
LP-17080,41,9,756.606,84.06733333333334,773.9419999999998,At Risk,2018-11-20,San Francisco,Office Supplies
IG-15085,72,7,744.574,106.36771428571429,766.7617100000004,At Risk,2018-10-20,San Diego,Office Supplies
SF-20065,60,9,763.5459999999999,84.83844444444443,764.5803500000001,At Risk,2018-11-01,Philadelphia,Office Supplies
Dl-13600,120,6,755.602,125.93366666666667,763.6893399999998,At Risk,2018-09-02,Pasadena,Office Supplies
BE-11455,482,10,748.026,74.8026,759.4244679999995,At Risk,2017-09-05,Olathe,Office Supplies
SW-20755,535,8,758.6959999999999,94.83699999999999,759.0274899999989,At Risk,2017-07-14,New York City,Office Supplies
MM-18280,86,12,775.414,64.61783333333334,755.4445199999999,At Risk,2018-10-06,Quincy,Office Supplies
HM-14980,248,7,736.276,105.18228571428571,752.4391800000003,At Risk,2018-04-27,New York City,Office Supplies
HE-14800,13,8,755.462,94.43275,752.1975099999988,At Risk,2018-12-18,Chicago,Furniture
TC-21535,5,10,742.5580000000001,74.25580000000001,747.7333399999999,At Risk,2018-12-26,Arlington,Office Supplies
PB-18805,26,10,740.356,74.0356,743.6057199999999,At Risk,2018-12-05,Salt Lake City,Office Supplies
BK-11260,78,16,659.1379999999999,41.196124999999995,742.7588400000001,At Risk,2018-10-14,New York City,Office Supplies
PA-19060,104,7,729.408,104.20114285714286,739.6978600000003,At Risk,2018-09-18,Orland Park,Office Supplies
BB-10990,106,8,744.3399999999999,93.04249999999999,728.2212399999985,At Risk,2018-09-16,Inglewood,Office Supplies
JJ-15445,484,6,709.178,118.19633333333333,716.26313,At Risk,2017-09-03,Los Angeles,Office Supplies
JD-16060,301,6,695.442,115.907,702.6619800000004,At Risk,2018-03-05,San Francisco,Office Supplies
TR-21325,194,7,675.9419999999999,96.56314285714284,687.4763100000004,At Risk,2018-06-20,Belleville,Office Supplies
RR-19315,20,4,615.932,153.983,686.0979800000001,At Risk,2018-12-11,San Francisco,Furniture
RE-19450,303,6,666.52,111.08666666666666,676.1390400000001,At Risk,2018-03-03,Dallas,Office Supplies
BD-11770,328,10,658.466,65.8466,668.2709240000004,At Risk,2018-02-06,Houston,Office Supplies
AG-10330,9,9,660.972,73.44133333333333,667.6513400000005,At Risk,2018-12-22,Stockton,Office Supplies
AC-10660,283,6,657.316,109.55266666666667,659.4366199999995,At Risk,2018-03-23,Huntsville,Office Supplies
AW-10840,21,8,649.376,81.172,656.2015199999988,At Risk,2018-12-10,Allen,Office Supplies
RC-19960,111,8,652.644,81.5805,656.0674399999996,At Risk,2018-09-11,Columbus,Office Supplies
CD-11980,55,6,639.766,106.62766666666666,654.212350000001,At Risk,2018-11-06,Tyler,Office Supplies
MR-17545,126,6,639.178,106.52966666666667,651.6500600000004,At Risk,2018-08-27,Philadelphia,Office Supplies
LO-17170,3,9,644.35,71.59444444444445,650.4336799999994,At Risk,2018-12-28,La Quinta,Furniture
JB-16000,44,7,644.1188,92.01697142857142,634.6085999999997,At Risk,2018-11-17,Brownsville,Office Supplies
PB-19105,58,5,688.324,137.66479999999999,634.1755500000005,At Risk,2018-11-03,Evanston,Office Supplies
SS-20515,492,6,613.4,102.23333333333333,629.0456400000006,At Risk,2017-08-26,Louisville,Office Supplies
MZ-17335,31,6,593.606,98.93433333333333,613.2116400000001,At Risk,2018-11-30,San Diego,Office Supplies
CM-11935,708,4,565.392,141.348,611.8403600000005,At Risk,2017-01-22,Fayetteville,Furniture
BT-11440,561,7,603.876,86.268,607.3753799999992,At Risk,2017-06-18,Littleton,Furniture
DL-13330,58,8,585.02,73.1275,597.4435999999992,At Risk,2018-11-03,Las Cruces,Office Supplies
BF-10975,92,13,599.798,46.13830769230769,590.8264800000004,At Risk,2018-09-30,Charlotte,Office Supplies
CS-12460,28,6,550.644,91.774,568.46918,At Risk,2018-12-03,Columbus,Office Supplies
NK-18490,71,11,572.048,52.004363636363635,564.4525600000006,At Risk,2018-10-21,Seattle,Office Supplies
CS-11860,163,7,537.632,76.80457142857142,554.9173399999996,At Risk,2018-07-21,Jacksonville,Office Supplies
AP-10720,42,10,545.932,54.5932,533.6648200000004,At Risk,2018-11-19,New York City,Office Supplies
JH-15820,175,8,528.91,66.11375,516.9889100000007,At Risk,2018-07-09,Kent,Office Supplies
AJ-10960,75,5,629.2479999999999,125.84959999999998,513.8752100000004,At Risk,2018-10-17,Rochester,Office Supplies
AS-10240,193,10,503.968,50.3968,503.5619000000006,At Risk,2018-06-21,Tampa,Office Supplies
AY-10555,15,10,497.014,49.7014,502.1017800000006,At Risk,2018-12-16,Oceanside,Furniture
TT-21265,407,3,439.5,146.5,501.6609800000001,At Risk,2017-11-19,Los Angeles,Office Supplies
MS-17530,435,7,475.65599999999995,67.95085714285713,496.96457000000026,At Risk,2017-10-22,San Diego,Furniture
RB-19570,26,9,528.546,58.72733333333334,486.7408100000004,At Risk,2018-12-05,Columbus,Office Supplies
EC-14050,54,7,461.914,65.98771428571429,484.9320200000002,At Risk,2018-11-07,New York City,Office Supplies
CR-12625,471,4,475.9,118.975,469.7902500000005,At Risk,2017-09-16,Lakewood,Office Supplies
JS-15940,464,8,469.169,58.646125,463.7330600000004,At Risk,2017-09-23,Park Ridge,Office Supplies
ST-20530,126,12,433.34000000000003,36.11166666666667,461.83166999999963,At Risk,2018-08-27,Parma,Office Supplies
JD-16015,113,11,385.43,35.03909090909091,440.11568999999986,At Risk,2018-09-09,Chicago,Office Supplies
KM-16660,16,9,453.538,50.39311111111111,439.5282500000004,At Risk,2018-12-15,Roswell,Office Supplies
BD-11635,10,5,582.646,116.52919999999999,439.29242000000033,At Risk,2018-12-21,Bowling Green,Office Supplies
DL-12865,101,7,444.024,63.432,436.92455999999993,At Risk,2018-09-21,Cincinnati,Office Supplies
KW-16570,771,5,449.096,89.8192,419.32857999999993,At Risk,2016-11-20,Clarksville,Furniture
SS-20590,433,9,418.49,46.49888888888889,407.9245100000002,At Risk,2017-10-24,Seattle,Office Supplies
BT-11485,660,3,415.19599999999997,138.39866666666666,407.31756000000047,At Risk,2017-03-11,Clinton,Office Supplies
VG-21805,492,5,418.432,83.6864,402.0537800000002,At Risk,2017-08-26,Virginia Beach,Office Supplies
BW-11065,213,3,385.516,128.50533333333334,401.1925000000002,At Risk,2018-06-01,Raleigh,Office Supplies
NF-18475,526,4,377.16200000000003,94.29050000000001,390.5390599999999,At Risk,2017-07-23,Rockford,Office Supplies
VM-21835,118,8,380.69,47.58625,381.39376000000004,At Risk,2018-09-04,Newark,Office Supplies
MS-17830,453,5,370.348,74.06960000000001,380.5975000000004,At Risk,2017-10-04,Laredo,Furniture
MH-17440,377,9,400.016,44.446222222222225,380.5002600000002,At Risk,2017-12-19,New York City,Office Supplies
JK-15325,288,4,383.812,95.953,374.0698400000004,At Risk,2018-03-18,Dallas,Office Supplies
HJ-14875,127,6,358.1,59.68333333333334,359.0578299999999,At Risk,2018-08-26,Jacksonville,Office Supplies
LS-17230,777,6,368.88000000000005,61.48000000000001,358.0648400000001,At Risk,2016-11-14,Dover,Office Supplies
EM-14200,159,4,366.822,91.7055,356.77916000000005,At Risk,2018-07-25,Virginia Beach,Office Supplies
AG-10300,119,5,367.548,73.5096,354.9672199999999,At Risk,2018-09-03,Los Angeles,Office Supplies
BD-11560,279,4,320.54,80.135,346.8024200000005,At Risk,2018-03-27,Fresno,Office Supplies
DW-13540,99,9,344.08,38.23111111111111,340.26804000000067,At Risk,2018-09-23,Seattle,Office Supplies
LT-16765,27,3,329.876,109.95866666666666,334.96992,At Risk,2018-12-04,Escondido,Office Supplies
AO-10810,502,1,161.28,161.28,324.4603699999998,At Risk,2017-08-16,Los Angeles,Furniture
LH-17020,240,6,318.239,53.03983333333333,318.5189100000003,At Risk,2018-05-05,Columbus,Office Supplies
LH-16750,152,3,287.426,95.80866666666667,317.17469999999986,At Risk,2018-08-01,Charlotte,Office Supplies
JH-15430,6,7,309.281,44.183,310.90636999999987,At Risk,2018-12-25,Burlington,Office Supplies
JM-15580,1,7,303.948,43.421142857142854,304.4671900000001,At Risk,2018-12-30,Monroe,Office Supplies
BF-11080,26,6,272.95,45.49166666666667,297.72382999999974,At Risk,2018-12-05,Baltimore,Office Supplies
NB-18580,1166,2,273.87199999999996,136.93599999999998,297.1408999999997,At Risk,2015-10-22,Philadelphia,Furniture
CM-12445,437,9,287.99,31.99888888888889,290.48619000000036,At Risk,2017-10-20,San Francisco,Office Supplies
DD-13570,42,9,269.542,29.949111111111108,284.3287600000004,At Risk,2018-11-19,Houston,Office Supplies
SC-20800,31,5,279.25600000000003,55.851200000000006,273.5418620000002,At Risk,2018-11-30,Houston,Office Supplies
BN-11470,25,6,265.296,44.216,272.45297999999974,At Risk,2018-12-06,Cary,Office Supplies
AR-10510,15,7,264.86400000000003,37.83771428571429,263.8624200000003,At Risk,2018-12-16,Philadelphia,Office Supplies
SM-20005,422,6,244.49399999999997,40.748999999999995,251.06207999999987,At Risk,2017-11-04,New York City,Office Supplies
HD-14785,769,7,251.36,35.90857142857143,250.45082000000025,At Risk,2016-11-22,Philadelphia,Office Supplies
PL-18925,16,8,239.481,29.935125,242.47034999999985,At Risk,2018-12-15,Chicago,Office Supplies
EM-14065,48,6,228.99,38.165,235.8521100000003,At Risk,2018-11-13,New York City,Office Supplies
GP-14740,765,5,236.53,47.306,231.60056999999998,At Risk,2016-11-26,Lancaster,Office Supplies
GT-14755,35,7,226.436,32.348,229.9839700000002,At Risk,2018-11-26,Harlingen,Office Supplies
HH-15010,73,6,218.668,36.44466666666667,226.44842000000023,At Risk,2018-10-19,San Francisco,Office Supplies
RB-19645,649,7,221.084,31.583428571428573,223.07776999999996,At Risk,2017-03-22,North Las Vegas,Office Supplies
JJ-15760,753,3,195.0,65.0,207.562472,At Risk,2016-12-08,Springfield,Office Supplies
AG-10390,115,8,200.945,25.118125,196.04714999999982,At Risk,2018-09-07,Cincinnati,Office Supplies
PB-19210,688,2,132.738,66.369,177.30555999999982,At Risk,2017-02-11,Tulsa,Office Supplies
DA-13450,353,8,156.76,19.595,175.31887999999998,At Risk,2018-01-12,Houston,Office Supplies
AG-10765,78,5,170.584,34.1168,174.25310000000013,At Risk,2018-10-14,Philadelphia,Office Supplies
BO-11425,76,2,130.83,65.415,174.19323199999988,At Risk,2018-10-16,Richmond,Office Supplies
PT-19090,72,6,158.46,26.41,173.70429999999968,At Risk,2018-10-20,Houston,Office Supplies
EL-13735,78,2,124.28,62.14,170.99340799999993,At Risk,2018-10-14,Columbia,Furniture
ML-18265,101,3,162.232,54.077333333333335,164.38790800000007,At Risk,2018-09-21,Seattle,Technology
GH-14665,3,3,146.94080000000002,48.98026666666667,145.04451400000013,At Risk,2018-12-28,Round Rock,Office Supplies
MO-17950,181,4,154.288,38.572,122.68050200000016,At Risk,2018-07-03,Dallas,Technology
RM-19750,300,2,98.35,49.175,113.41383600000013,At Risk,2018-03-06,New York City,Furniture
CC-12550,28,4,113.832,28.458,107.98768600000012,At Risk,2018-12-03,San Francisco,Office Supplies
AR-10570,535,2,88.15,44.075,101.24033200000004,At Risk,2017-07-14,Columbus,Furniture
RE-19405,1098,1,48.36,48.36,87.93758600000001,At Risk,2015-12-29,Kent,Office Supplies
SG-20890,227,5,47.946,9.5892,84.93071999999997,At Risk,2018-05-18,Mcallen,Office Supplies
KS-16300,296,4,88.472,22.118,80.62510999999994,At Risk,2018-03-10,Lehi,Office Supplies
FW-14395,363,3,79.75,26.583333333333332,79.94036,At Risk,2018-01-02,Huntsville,Technology
JC-15340,115,4,71.263,17.81575,69.68632999999997,At Risk,2018-09-07,Los Angeles,Office Supplies
AS-10135,42,3,58.82,19.606666666666666,63.74256399999997,At Risk,2018-11-19,New York City,Office Supplies
IM-15055,410,2,48.4,24.2,53.54350999999997,At Risk,2017-11-16,Roseville,Office Supplies
LB-16735,49,3,50.188,16.729333333333333,49.70594600000005,At Risk,2018-11-12,Fort Worth,Office Supplies
RS-19870,20,3,22.328,7.442666666666667,44.070034000000014,At Risk,2018-12-11,Burlington,Office Supplies
CJ-11875,366,1,16.52,16.52,27.005879999999998,At Risk,2017-12-30,Philadelphia,Office Supplies
MG-18205,265,2,16.739,8.3695,26.662560000000017,At Risk,2018-04-10,Jacksonville,Furniture
TS-21085,358,2,4.833,2.4165,25.500330000000012,At Risk,2018-01-07,Phoenix,Office Supplies
SC-20845,415,1,14.112,14.112,21.08386000000002,At Risk,2017-11-11,Arlington Heights,Office Supplies
LD-16855,553,1,5.304,5.304,19.73035000000001,At Risk,2017-06-26,Chicago,Office Supplies
